key,name,smiles,mpC,csid,link,source,count,min,max,range
15628,Bromine,BrBr,-7.2,22817,http://msds.chem.ox.ac.uk/,academic website,2,-7.25,-7.2,0.05
15862,Iodine,II,113.5,785,http://msds.chem.ox.ac.uk/,academic website,2,113.5,113.6,0.1
7376,isopropenyl acetate,CC(=C)OC(=O)C,-93,7628,http://www.alfa.com/en/GP100W.pgm?DSSTK=A15618,Alfa Aesar,2,-93,-92.9,0.1
13455,"3,3-dimethylhexane",CC(C)(CC)CCC,-126,10759,http://www.amazon.com/dp/B002IYRJWI,American Petroleum Institute. Research Project 44; Selected Values of Properties of Hydrocarbons and Related Compounds. Texas A & M University; College Station; TX; 1973.,2,-126.1,-126,0.1
13619,"2,3,5-trimethylhexane",CC(C)CC(C)C(C)C,-128,13426,http://www.amazon.com/dp/B002IYRJWI,American Petroleum Institute. Research Project 44; Selected Values of Properties of Hydrocarbons and Related Compounds. Texas A & M University; College Station; TX; 1973.,2,-128,-127.9,0.1
7175,ethyl heptanoate,CCCCCCC(=O)OCC,-66,7509,http://www.alfa.com/en/GP100W.pgm?DSSTK=A14729,Alfa Aesar,3,-66.1,-66,0.1
7190,ethyl methyl sulfide,CCSC,-106,11729,http://www.alfa.com/en/GP100W.pgm?DSSTK=L02859,Alfa Aesar,3,-106,-105.9,0.1
166,1-hexyne,CCCCC#C,-132,12209,http://www.alfa.com/en/GP100W.pgm?DSSTK=A13156,Alfa Aesar,3,-132,-131.9,0.1
7218,ethylbenzene,CCc1ccccc1,-95,7219,http://www.alfa.com/en/GP100W.pgm?DSSTK=L05908,Alfa Aesar,4,-95,-94.9,0.1
172,1-hexadecene,CCCCCCCCCCCCCCC=C,4,11889,http://www.alfa.com/en/GP100W.pgm?DSSTK=L02637,Alfa Aesar,3,4,4.1,0.1
14314,"1,1-diphenylethane",CC(c1ccccc1)c2ccccc2,-18,11424,http://www.amazon.com/dp/B002IYRJWI,American Petroleum Institute. Research Project 44; Selected Values of Properties of Hydrocarbons and Related Compounds. Texas A & M University; College Station; TX; 1973.,2,-18,-17.9,0.1
14024,2-methyldecane,CCCCCCCCC(C)C,-49,21896,http://www.amazon.com/dp/B002IYRJWI,American Petroleum Institute. Research Project 44; Selected Values of Properties of Hydrocarbons and Related Compounds. Texas A & M University; College Station; TX; 1973.,2,-49,-48.9,0.1
15736,Dimethyl malonate,O=C(OC)CC(=O)OC,-62,21106102,http://msds.chem.ox.ac.uk/,academic website,4,-62,-61.9,0.1
13185,4-methylcyclopentene,CC1CC=CC1,-161,14893,http://www.amazon.com/dp/B002IYRJWI,American Petroleum Institute. Research Project 44; Selected Values of Properties of Hydrocarbons and Related Compounds. Texas A & M University; College Station; TX; 1973.,2,-161,-160.8,0.2
13215,1-methyl-1-ethylcyclopropane,CC1(CC)CC1,-130,84221,http://www.amazon.com/dp/B002IYRJWI,American Petroleum Institute. Research Project 44; Selected Values of Properties of Hydrocarbons and Related Compounds. Texas A & M University; College Station; TX; 1973.,2,-130.2,-130,0.2
185,1-formylpiperidine,C1CCN(CC1)C=O,-31,16486,http://www.alfa.com/en/GP100W.pgm?DSSTK=B23452,Alfa Aesar,2,-31,-30.8,0.2
13640,"2,2,3,3-tetramethylpentane",CC(C)(C)C(C)(C)CC,-10,83703,http://www.amazon.com/dp/B002IYRJWI,American Petroleum Institute. Research Project 44; Selected Values of Properties of Hydrocarbons and Related Compounds. Texas A & M University; College Station; TX; 1973.,2,-10,-9.8,0.2
659,"1,2-diethylbenzene",CCc1ccccc1CC,-31,8335,http://www.alfa.com/en/GP100W.pgm?DSSTK=L18775,Alfa Aesar,3,-31.2,-31,0.2
16175,Trifluoroacetic acid,FC(F)(F)C(=O)O,-15,10239201,http://msds.chem.ox.ac.uk/,academic website,3,-15.2,-15,0.2
16077,Phenylmethanol,OCc1ccccc1,-15,13860335,http://msds.chem.ox.ac.uk/,academic website,4,-15.2,-15,0.2
936,2-(2-hydroxyethyl)pyridine,c1ccnc(c1)CCO,-8,7392,http://www.alfa.com/en/GP100W.pgm?DSSTK=B23579,Alfa Aesar,2,-8,-7.8,0.2
7349,isobutyl acetate,CC(C)COC(=O)C,-99,7747,http://www.alfa.com/en/GP100W.pgm?DSSTK=A14892,Alfa Aesar,2,-99,-98.8,0.2
7214,ethyl valerate,CCCCC(=O)OCC,-91,10420,http://www.alfa.com/en/GP100W.pgm?DSSTK=A14854,Alfa Aesar,2,-91.2,-91,0.2
13460,"2,2,3-trimethylpentane",CC(CC)C(C)(C)C,-112,10781,http://www.amazon.com/dp/B002IYRJWI,American Petroleum Institute. Research Project 44; Selected Values of Properties of Hydrocarbons and Related Compounds. Texas A & M University; College Station; TX; 1973.,2,-112.2,-112,0.2
13371,2-thiahexane,CCCCSC,-98,11834,http://www.amazon.com/dp/B002IYRJWI,American Petroleum Institute. Research Project 44; Selected Values of Properties of Hydrocarbons and Related Compounds. Texas A & M University; College Station; TX; 1973.,2,-98,-97.8,0.2
13932,3-bromopentane,BrC(CC)CC,-126,14966,http://www.questia.com/library/book/physical_properties_of_chemical_compounds_by_robert_rickert_dreisbach.jsp,Dreisbach R. R. Physical Properties of Chemical Compounds; Vol. III; American Chemical Society; Washington; 1961.,2,-126.2,-126,0.2
13369,3-pentanethiol,CCC(S)CC,-111,62433,http://www.amazon.com/dp/B002IYRJWI,American Petroleum Institute. Research Project 44; Selected Values of Properties of Hydrocarbons and Related Compounds. Texas A & M University; College Station; TX; 1973.,2,-111,-110.8,0.2
13607,2-methyl-1-octene,C=C(C)CCCCCC,-78,70705,http://www.amazon.com/dp/B002IYRJWI,American Petroleum Institute. Research Project 44; Selected Values of Properties of Hydrocarbons and Related Compounds. Texas A & M University; College Station; TX; 1973.,2,-78,-77.8,0.2
16011,N-Methylmethanamine,CNC,-92,654,http://msds.chem.ox.ac.uk/,academic website,3,-92.2,-92,0.2
234,1-chlorooctane,CCCCCCCCCl,-58,7850,http://www.alfa.com/en/GP100W.pgm?DSSTK=L04358,Alfa Aesar,3,-58,-57.8,0.2
14915,"1,2,4-Trimethylbenzene",Cc1cc(C)c(C)cc1,-43.8,6977,http://msds.chem.ox.ac.uk/,academic website,4,-44,-43.8,0.2
15729,Dimethoxymethane,COCOC,-105,13837190,http://msds.chem.ox.ac.uk/,academic website,4,-105,-104.8,0.2
14875,"1,1,1,2,2-Pentachloroethane",ClC(Cl)C(Cl)(Cl)Cl,-29,6179,http://msds.chem.ox.ac.uk/,academic website,3,-29,-28.78,0.22
4621,4-benzoylbutyric acid,c1ccc(cc1)C(=O)CCCC(=O)O,127,66547,http://www.alfa.com/en/GP100W.pgm?DSSTK=L04013,Alfa Aesar,2,127,127.25,0.25
7003,dotriacontane,CCCCCCCCCCCCCCCCCCCCCCCCCCCCCCCC,70,10542,http://www.alfa.com/en/GP100W.pgm?DSSTK=A17480,Alfa Aesar,2,69.7,70,0.3
13477,"2,2,3,3-tetramethylbutane",CC(C)(C)C(C)(C)C,101,11185,http://www.amazon.com/dp/B002IYRJWI,American Petroleum Institute. Research Project 44; Selected Values of Properties of Hydrocarbons and Related Compounds. Texas A & M University; College Station; TX; 1973.,2,100.7,101,0.3
13722,1-methyl-2-propylbenzene,CCCc1ccccc1C,-60,13471,http://www.amazon.com/dp/B002IYRJWI,American Petroleum Institute. Research Project 44; Selected Values of Properties of Hydrocarbons and Related Compounds. Texas A & M University; College Station; TX; 1973.,2,-60.3,-60,0.3
13430,ethylcyclohexane,CCC1CCCCC1,-111,14751,http://www.amazon.com/dp/B002IYRJWI,American Petroleum Institute. Research Project 44; Selected Values of Properties of Hydrocarbons and Related Compounds. Texas A & M University; College Station; TX; 1973.,2,-111.3,-111,0.3
13133,3-methyl-1-butyne,C#CC(C)C,-90,62241,http://www.amazon.com/dp/B002IYRJWI,American Petroleum Institute. Research Project 44; Selected Values of Properties of Hydrocarbons and Related Compounds. Texas A & M University; College Station; TX; 1973.,2,-90,-89.7,0.3
13309,5-methyl-trans-2-hexene,CC(C)CC=CC,-124,4512641,http://www.amazon.com/dp/B002IYRJWI,American Petroleum Institute. Research Project 44; Selected Values of Properties of Hydrocarbons and Related Compounds. Texas A & M University; College Station; TX; 1973.,2,-124.3,-124,0.3
15643,Butan-2-ol,CC(O)CC,-115,6320,http://msds.chem.ox.ac.uk/,academic website,3,-115,-114.7,0.3
13661,ethyl_isovalerate,CC(C)CC(=O)OCC,-99,7657,http://www.amazon.com/dp/B003XEQTLE,Aldrich Chemical Company; Aldrich Catalog-Handbook of Fine Chemicals; Milwaukee; WI; 1984.,3,-99.3,-99,0.3
274,1-bromohexane,CCCCCCBr,-85,7810,http://www.alfa.com/en/GP100W.pgm?DSSTK=A15166,Alfa Aesar,3,-85,-84.7,0.3
15295,2-Methyloctane,CC(C)CCCCCC,-80,17558,http://msds.chem.ox.ac.uk/,academic website,3,-80.3,-80,0.3
15847,Hexane,CCCCCC,-95,7767,http://msds.chem.ox.ac.uk/,academic website,6,-95.3,-95,0.3
14582,decylcyclohexane,CCCCCCCCCCC1CCCCC1,-2,14942,http://www.amazon.com/dp/B002IYRJWI,American Petroleum Institute. Research Project 44; Selected Values of Properties of Hydrocarbons and Related Compounds. Texas A & M University; College Station; TX; 1973.,2,-2,-1.7,0.3
14004,p-chlorocumene,CC(C)c1ccc(Cl)cc1,-12,21159680,http://www.questia.com/library/book/physical_properties_of_chemical_compounds_by_robert_rickert_dreisbach.jsp,Dreisbach R. R. Physical Properties of Chemical Compounds; Vol. I; American Chemical Society; Washington; 1955.,2,-12.3,-12,0.3
14702,m-bromoiodobenzene,Ic1cccc(Br)c1,-9,11073,http://www.amazon.com/dp/B003XEQTLE,Aldrich Chemical Company; Aldrich Catalog-Handbook of Fine Chemicals; Milwaukee; WI; 1984.,3,-9.3,-9,0.3
21501,p-methylsulfonylamphenicol,O=S(C)(=O)c1ccc(cc1)C(O)C(CO)NC(=O)C(Cl)Cl,165,5240,http://www.srcinc.com/what-we-do/product.aspx?id=133,PHYSPROP,2,165,165.3,0.3
15664,Chloroethane,CCCl,-139,6097,http://msds.chem.ox.ac.uk/,academic website,2,-139,-138.7,0.3
13300,"3,3-dimethyl-1-pentene",C=CC(C)(C)CC,-134,17801,http://www.amazon.com/dp/B002IYRJWI,American Petroleum Institute. Research Project 44; Selected Values of Properties of Hydrocarbons and Related Compounds. Texas A & M University; College Station; TX; 1973.,2,-134.3,-134,0.3
14082,1-chlorononane,CCCCCCCCCCl,-39,16268,http://www.questia.com/library/book/physical_properties_of_chemical_compounds_by_robert_rickert_dreisbach.jsp,Dreisbach R. R. Physical Properties of Chemical Compounds; Vol. III; American Chemical Society; Washington; 1961.,2,-39.4,-39,0.4
13845,"2,2,3,3,4-pentamethylpentane",CC(C)(C)C(C)(C)C(C)C,-36,452968,http://www.amazon.com/dp/B002IYRJWI,American Petroleum Institute. Research Project 44; Selected Values of Properties of Hydrocarbons and Related Compounds. Texas A & M University; College Station; TX; 1973.,2,-36.4,-36,0.4
16142,Tetrafluoromethane,FC(F)(F)F,-184,6153,http://msds.chem.ox.ac.uk/,academic website,2,-184,-183.6,0.4
7379,isopropyl acetate,CC(C)OC(=O)C,-73,7627,http://www.alfa.com/en/GP100W.pgm?DSSTK=L09337,Alfa Aesar,2,-73.4,-73,0.4
4066,"3-methyl-1,2-butadiene",CC(=C=C)C,-114,11222,http://www.alfa.com/en/GP100W.pgm?DSSTK=L10159,Alfa Aesar,2,-114,-113.6,0.4
13839,2-methylnonane,CC(C)CCCCCCC,-75,12807,http://www.amazon.com/dp/B002IYRJWI,American Petroleum Institute. Research Project 44; Selected Values of Properties of Hydrocarbons and Related Compounds. Texas A & M University; College Station; TX; 1973.,2,-75,-74.6,0.4
13293,ethylcyclopentane,CCC1CCCC1,-138,14686,http://www.amazon.com/dp/B002IYRJWI,American Petroleum Institute. Research Project 44; Selected Values of Properties of Hydrocarbons and Related Compounds. Texas A & M University; College Station; TX; 1973.,2,-138.4,-138,0.4
8605,tribromofluoromethane,C(F)(Br)(Br)Br,-74,61026,http://www.alfa.com/en/GP100W.pgm?DSSTK=A18124,Alfa Aesar,2,-74,-73.6,0.4
15860,Icosanoic acid,O=C(O)CCCCCCCCCCCCCCCCCCC,75,10035,http://msds.chem.ox.ac.uk/,academic website,3,75,75.4,0.4
13294,trans-3-heptene,CCCC=CCC,-137,4512648,http://www.amazon.com/dp/B002IYRJWI,American Petroleum Institute. Research Project 44; Selected Values of Properties of Hydrocarbons and Related Compounds. Texas A & M University; College Station; TX; 1973.,3,-137,-136.6,0.4
672,"1,2-dibromobutane",CCC(CBr)Br,-65,21171408,http://www.alfa.com/en/GP100W.pgm?DSSTK=B20356,Alfa Aesar,3,-65.4,-65,0.4
6349,allyl bromide,C=CCBr,-119,7553,http://www.alfa.com/en/GP100W.pgm?DSSTK=A11766,Alfa Aesar,4,-119.4,-119,0.4
14316,4-methyldiphenylmethane,Cc2ccc(Cc1ccccc1)cc2,5,62501,http://www.amazon.com/dp/B002IYRJWI,American Petroleum Institute. Research Project 44; Selected Values of Properties of Hydrocarbons and Related Compounds. Texas A & M University; College Station; TX; 1973.,3,4.58,5,0.42
21,1-octene,CCCCCCC=C,-102,7833,http://www.alfa.com/en/GP100W.pgm?DSSTK=A11146,Alfa Aesar,4,-102.15,-101.7,0.45
15834,Hex-1-ene,C=CCCCC,-140,11109,http://msds.chem.ox.ac.uk/,academic website,5,-140.15,-139.7,0.45
15896,Methanol,CO,-98,864,http://msds.chem.ox.ac.uk/,academic website,9,-98,-97.53,0.47
3046,2-picolinic acid,c1ccnc(c1)C(=O)O,137,993,http://www.alfa.com/en/GP100W.pgm?DSSTK=A14749,Alfa Aesar,2,136.5,137,0.5
15527,"6,6,9-Trimethyl-3-pentyl-6H-benzo[c]chromen-1-ol",Cc2cc3c1c(cc(cc1O)CCCCC)OC(C)(C)c3cc2,76.5,2447,http://msds.chem.ox.ac.uk/,academic website,2,76.5,77,0.5
8006,N-bromoacetamide,CC(=O)NBr,104,4200,http://www.alfa.com/en/GP100W.pgm?DSSTK=L02953,Alfa Aesar,2,103.5,104,0.5
16886,Phentolamine,Cc1ccc(cc1)N(CC2=NCCN2)c3cc(O)ccc3,174.5,5571,http://www.drugbank.ca/drugs/DB00692,DrugBank,2,174.5,175,0.5
6578,bromocyclohexane,C1CCC(CC1)Br,-57,7672,http://www.alfa.com/en/GP100W.pgm?DSSTK=31031,Alfa Aesar,2,-57,-56.5,0.5
13481,isoamyl_formate,CC(C)CCOC=O,-93,7761,http://de.wikipedia.org/wiki/Beilsteins_Handbuch_der_Organischen_Chemie,Beilstein F. K.; Beilsteins Handbuch der Organischen Chemie. Springer; Berlin; 1972.,2,-93.5,-93,0.5
8282,phthalazine,c1ccc2cnncc2c1,91,8852,http://www.alfa.com/en/GP100W.pgm?DSSTK=A12270,Alfa Aesar,2,90.5,91,0.5
6063,6-aminonicotinamide,c1cc(ncc1C(=O)N)N,247,9128,http://www.alfa.com/en/GP100W.pgm?DSSTK=L06692,Alfa Aesar,2,246.5,247,0.5
17313,linuron,Clc1ccc(NC(=O)N(C)OC)cc1Cl,93.5,9130,http://dx.doi.org/10.1021/ci700307p,Hughes LD; Palmer DS; Nigsch F and Mitchell JBO. 2008 Why are some properties more difficult to predict than others? A study of QSPR models of solubility; melting point and LogP. J. Chem. Inf. Model. 2008. 48 (1). pp 220?460,2,93,93.5,0.5
3178,3'-(trifluoromethyl)acetanilide,CC(=O)Nc1cccc(c1)C(F)(F)F,105,9219,http://www.alfa.com/en/GP100W.pgm?DSSTK=A16098,Alfa Aesar,2,104.5,105,0.5
6697,cycloheptatriene,C1C=CC=CC=C1,-80,10534,http://www.alfa.com/en/GP100W.pgm?DSSTK=A17064,Alfa Aesar,2,-80,-79.5,0.5
15038,1H-Phenalen-1-one,O=C3C=Cc2cccc1cccc3c12,154.5,10582,http://msds.chem.ox.ac.uk/,academic website,2,154,154.5,0.5
8460,tert-butyl isothiocyanate,CC(C)(C)N=C=S,10,11057,http://www.alfa.com/en/GP100W.pgm?DSSTK=L02668,Alfa Aesar,2,10,10.5,0.5
557,"1,3-diphenoxy-2-propanol",c1ccc(cc1)OCC(COc2ccccc2)O,82,11641,http://www.alfa.com/en/GP100W.pgm?DSSTK=B20503,Alfa Aesar,2,81.5,82,0.5
8067,N-hexatriacontane,CCCCCCCCCCCCCCCCCCCCCCCCCCCCCCCCCCCC,76,11906,http://www.alfa.com/en/GP100W.pgm?DSSTK=31641,Alfa Aesar,2,76,76.5,0.5
6003,5-nitro-2-furaldehyde,c1cc(oc1C=O)[N+](=O)[O-],36,12249,http://www.alfa.com/en/GP100W.pgm?DSSTK=A10618,Alfa Aesar,2,35.5,36,0.5
13726,"1,2-dimethyl-3-ethylbenzene",CCc1cccc(C)c1C,-50,13032,http://www.amazon.com/dp/B002IYRJWI,American Petroleum Institute. Research Project 44; Selected Values of Properties of Hydrocarbons and Related Compounds. Texas A & M University; College Station; TX; 1973.,2,-50,-49.5,0.5
8036,N-dodecyl gallate,CCCCCCCCCCCCOC(=O)c1cc(c(c(c1)O)O)O,97,13777,http://www.alfa.com/en/GP100W.pgm?DSSTK=L06233,Alfa Aesar,2,96.5,97,0.5
6787,dibenzosuberyl chloride,c1ccc2c(c1)CCc3ccccc3C2Cl,107,13925,http://www.alfa.com/en/GP100W.pgm?DSSTK=L05355,Alfa Aesar,2,106.5,107,0.5
6806,dichlorodiethylsilane,CC[Si](CC)(Cl)Cl,-97,14830,http://www.alfa.com/en/GP100W.pgm?DSSTK=L03239,Alfa Aesar,2,-97,-96.5,0.5
6285,9-bromofluorene,c1ccc2c(c1)-c3ccccc3C2Br,103,15216,http://www.alfa.com/en/GP100W.pgm?DSSTK=A10428,Alfa Aesar,2,103,103.5,0.5
2240,2-bromostyrene,C=Cc1ccccc1Br,-53,15432,http://www.alfa.com/en/GP100W.pgm?DSSTK=B24181,Alfa Aesar,2,-53,-52.5,0.5
17301,fluometuron,O=C(Nc1cc(ccc1)C(F)(F)F)N(C)C,163.5,15702,http://dx.doi.org/10.1021/ci700307p,Hughes LD; Palmer DS; Nigsch F and Mitchell JBO. 2008 Why are some properties more difficult to predict than others? A study of QSPR models of solubility; melting point and LogP. J. Chem. Inf. Model. 2008. 48 (1). pp 220?448,2,163.5,164,0.5
1206,"2,3,5,6-tetrachloropyridine",c1c(c(nc(c1Cl)Cl)Cl)Cl,91,16096,http://www.alfa.com/en/GP100W.pgm?DSSTK=L19458,Alfa Aesar,2,90.5,91,0.5
3276,"3,4-dibromothiophene",c1c(c(cs1)Br)Br,5,17428,http://www.alfa.com/en/GP100W.pgm?DSSTK=A10512,Alfa Aesar,2,4.5,5,0.5
14700,1-eicosene,C=CCCCCCCCCCCCCCCCCCC,29,17879,http://www.amazon.com/dp/B002IYRJWI,American Petroleum Institute. Research Project 44; Selected Values of Properties of Hydrocarbons and Related Compounds. Texas A & M University; College Station; TX; 1973.,2,28.5,29,0.5
15794,Ethyl 4-(dimethylamino)benzoate,CN(C)c1ccc(cc1)C(=O)OCC,63.5,23472,http://msds.chem.ox.ac.uk/,academic website,2,63.5,64,0.5
8859,metopimazine,CS(=O)(=O)c4ccc3Sc1ccccc1N(CCCN2CCC(CC2)C(N)=O)c3c4,170,24584,http://dx.doi.org/10.1021/ci020280x,Bergstrom C. A. S.; Norinder U.; Luthman K.; Artursson P. Molecular Descriptors Influencing Melting Point and Their Role in Classification of Solid Drugs. J. Chem. Inf. Comput. Sci.; (Article); 2003; 43(4); 1177-1305,2,170,170.5,0.5
4869,4-chloro-2-methoxyphenol,COc1cc(ccc1O)Cl,17,26091,http://www.alfa.com/en/GP100W.pgm?DSSTK=A14806,Alfa Aesar,2,16.5,17,0.5
15098,"2-(4-Isopropyl-4-methyl-5-oxo-4,5-dihydro-1H-imidazol-2-yl)nicotinic acid",CC1(N=C(NC1=O)c2ncccc2C(=O)O)C(C)C,171.5,49445,http://msds.chem.ox.ac.uk/,academic website,2,171,171.5,0.5
14788,(2E)-But-2-ene,CC=CC,-105,56442,http://msds.chem.ox.ac.uk/,academic website,2,-105.5,-105,0.5
5250,4-hydroxyquinazoline,c1ccc2c(c1)c(=O)[nH]cn2,218,56797,http://www.alfa.com/en/GP100W.pgm?DSSTK=A17129,Alfa Aesar,2,217.5,218,0.5
382,1-acetamidoadamantane,CC(=O)NC12CC3CC(C1)CC(C3)C2,148,57727,http://www.alfa.com/en/GP100W.pgm?DSSTK=A17224,Alfa Aesar,2,148,148.5,0.5
5536,4-phenoxybenzaldehyde,c1ccc(cc1)Oc2ccc(cc2)C=O,25,59526,http://www.alfa.com/en/GP100W.pgm?DSSTK=B22329,Alfa Aesar,2,24.5,25,0.5
6756,decanoyl chloride,CCCCCCCCCC(=O)Cl,-35,60340,http://www.alfa.com/en/GP100W.pgm?DSSTK=A19486,Alfa Aesar,2,-35,-34.5,0.5
8180,octafluoronaphthalene,c12c(c(c(c(c1F)F)F)F)c(c(c(c2F)F)F)F,87,60886,http://www.alfa.com/en/GP100W.pgm?DSSTK=B21699,Alfa Aesar,2,87,87.5,0.5
8140,N-phenyl-o-phenylenediamine,c1ccc(cc1)Nc2ccccc2N,79,61594,http://www.alfa.com/en/GP100W.pgm?DSSTK=L11616,Alfa Aesar,2,79,79.5,0.5
14419,methyl_2-acetoxybenzoate,O=C(C)Oc1ccccc1C(=O)OC,52,61759,http://de.wikipedia.org/wiki/Beilsteins_Handbuch_der_Organischen_Chemie,Beilstein F. K.; Beilsteins Handbuch der Organischen Chemie. Springer; Berlin; 1972.,2,51.5,52,0.5
6829,diethyl acetylenedicarboxylate,CCOC(=O)C#CC(=O)OCC,2,63002,http://www.alfa.com/en/GP100W.pgm?DSSTK=A11719,Alfa Aesar,2,1.5,2,0.5
6137,6-heptenoic acid,C=CCCCCC(=O)O,-6,63871,http://www.alfa.com/en/GP100W.pgm?DSSTK=L13144,Alfa Aesar,2,-6.5,-6,0.5
5148,4-fluorobenzamide,c1cc(ccc1C(=O)N)F,156,64644,http://www.alfa.com/en/GP100W.pgm?DSSTK=L06831,Alfa Aesar,2,155.5,156,0.5
1374,"2,4,6-trichloropyrimidine",c1c(nc(nc1Cl)Cl)Cl,23,69792,http://www.alfa.com/en/GP100W.pgm?DSSTK=A12842,Alfa Aesar,2,22.5,23,0.5
1867,2-acetyl-5-bromothiophene,CC(=O)c1ccc(s1)Br,95,71655,http://www.alfa.com/en/GP100W.pgm?DSSTK=A14826,Alfa Aesar,2,94.5,95,0.5
15791,Ethyl 2-cyanoacrylate,N#CC(=C)C(=O)OCC,-22,73564,http://msds.chem.ox.ac.uk/,academic website,2,-22.5,-22,0.5
5968,5-methyl-1-phenyl-1h-pyrazole-4-carboxylic acid,Cc1c(cnn1c2ccccc2)C(=O)O,167,128103,http://www.alfa.com/en/GP100W.pgm?DSSTK=L12594,Alfa Aesar,2,167,167.5,0.5
5752,5-bromo-2-furaldehyde,c1cc(oc1C=O)Br,84,521915,http://www.alfa.com/en/GP100W.pgm?DSSTK=B22536,Alfa Aesar,2,83.5,84,0.5
16103,Pyridine-2-thiol 1-oxide,[O-][n+]1ccccc1S,70.5,10446934,http://msds.chem.ox.ac.uk/,academic website,2,70.5,71,0.5
7409,lepidine,Cc1ccnc2c1cccc2,10,13854818,http://www.alfa.com/en/GP100W.pgm?DSSTK=A14040,Alfa Aesar,2,9.5,10,0.5
5082,4-ethylpyridine,CCc1ccncc1,-91,21106560,http://www.alfa.com/en/GP100W.pgm?DSSTK=A12883,Alfa Aesar,2,-91,-90.5,0.5
7686,methyl nicotinate,COC(=O)c1cccnc1,42,21111785,http://www.alfa.com/en/GP100W.pgm?DSSTK=B23908,Alfa Aesar,2,42,42.5,0.5
1353,"2',4',5'-trimethylacetophenone",Cc1cc(c(cc1C)C(=O)C)C,10,21159574,http://www.alfa.com/en/GP100W.pgm?DSSTK=A10614,Alfa Aesar,2,10,10.5,0.5
1456,"2,4'-dichloroacetophenone",c1cc(ccc1C(=O)CCl)Cl,101,21170959,http://www.alfa.com/en/GP100W.pgm?DSSTK=A15954,Alfa Aesar,2,101,101.5,0.5
7403,kojic acid,c1c(occ(c1=O)O)CO,154,3708,http://www.alfa.com/en/GP100W.pgm?DSSTK=A10760,Alfa Aesar,3,153.5,154,0.5
8391,reserpine,COc1ccc2c(c1)[nH]c3c2CCN4[C@@H]3C[C@H]5[C@@H](C4)C[C@H]([C@@H]([C@H]5C(=O)OC)OC)OC(=O)c6cc(c(c(c6)OC)OC)OC,265,5566,http://www.alfa.com/en/GP100W.pgm?DSSTK=L03506,Alfa Aesar,3,264.5,265,0.5
8877,phencarbamide,CCN(CC)CCSC(=O)N(c1ccccc1)c2ccccc2,48,5786,http://dx.doi.org/10.1021/ci020280x,Bergstrom C. A. S.; Norinder U.; Luthman K.; Artursson P. Molecular Descriptors Influencing Melting Point and Their Role in Classification of Solid Drugs. J. Chem. Inf. Comput. Sci.; (Article); 2003; 43(4); 1177-1323,3,48,48.5,0.5
16006,Nitromethane,[O-][N+](C)=O,-29,6135,http://msds.chem.ox.ac.uk/,academic website,3,-29,-28.5,0.5
15168,"2,4-Difluoroaniline",Fc1ccc(N)c(F)c1,-7.5,9328,http://msds.chem.ox.ac.uk/,academic website,3,-8,-7.5,0.5
2938,2-methylstyrene,Cc1ccccc1C=C,-69,11410,http://www.alfa.com/en/GP100W.pgm?DSSTK=A12676,Alfa Aesar,3,-69,-68.5,0.5
3901,3-ethyltoluene,CCc1cccc(c1)C,-96,11603,http://www.alfa.com/en/GP100W.pgm?DSSTK=L18788,Alfa Aesar,3,-96,-95.5,0.5
13752,b-pinene,CC2(C)C1CCC(=C)C2C1,-61,14198,http://www.amazon.com/dp/B003XEQTLE,Aldrich Chemical Company; Aldrich Catalog-Handbook of Fine Chemicals; Milwaukee; WI; 1984.,3,-61.5,-61,0.5
17297,fenoxycarb,O=C(OCC)NCCOc1ccc(cc1)Oc2ccccc2,53.5,46739,http://dx.doi.org/10.1021/ci700307p,Hughes LD; Palmer DS; Nigsch F and Mitchell JBO. 2008 Why are some properties more difficult to predict than others? A study of QSPR models of solubility; melting point and LogP. J. Chem. Inf. Model. 2008. 48 (1). pp 220?444,3,53,53.5,0.5
14627,diethyl_phenylmalonate,O=C(OCC)C(C(=O)OCC)c1ccccc1,16,59885,http://www.amazon.com/dp/B003XEQTLE,Aldrich Chemical Company; Aldrich Catalog-Handbook of Fine Chemicals; Milwaukee; WI; 1984.,3,16,16.5,0.5
8551,"trans,trans-2,4-hexadien-1-ol",C/C=C/C=C/CO,31,556559,http://www.alfa.com/en/GP100W.pgm?DSSTK=A12660,Alfa Aesar,3,30.5,31,0.5
27730,a-hexachlorocyclohexane,[C@@H]1([C@@H]([C@@H]([C@H]([C@H]([C@@H]1Cl)Cl)Cl)Cl)Cl)Cl,159,10468511,http://dx.doi.org/10.1016/j.chemosphere.2013.10.095,Abraham M.H. and Acree Jr. W.E. The solubility of liquid and solid compounds in dry octan-1-ol. Chemosphere (2013),3,159,159.5,0.5
17304,g-bhc(lindane),Cl[C@@H]1[C@@H](Cl)[C@@H](Cl)[C@H](Cl)[C@@H](Cl)[C@H]1Cl,112.5,10481896,http://dx.doi.org/10.1021/ci700307p,Hughes LD; Palmer DS; Nigsch F and Mitchell JBO. 2008 Why are some properties more difficult to predict than others? A study of QSPR models of solubility; melting point and LogP. J. Chem. Inf. Model. 2008. 48 (1). pp 220?451,3,112.5,113,0.5
13941,4-ethoxybenzaldehyde,CCOc1ccc(cc1)C=O,14,21105889,http://www.amazon.com/dp/B003XEQTLE,Aldrich Chemical Company; Aldrich Catalog-Handbook of Fine Chemicals; Milwaukee; WI; 1984.,3,13.5,14,0.5
15584,Anisole,COc1ccccc1,-37,7238,http://msds.chem.ox.ac.uk/,academic website,4,-37.5,-37,0.5
15645,"Butane-1,4-diamine",NCCCCN,27.5,13837702,http://msds.chem.ox.ac.uk/,academic website,4,27,27.5,0.5
15900,Methyl 2-aminobenzoate,Nc1ccccc1C(=O)OC,24,13858096,http://msds.chem.ox.ac.uk/,academic website,4,24,24.5,0.5
27773,Alclofenac,C=CCOC1=C(C=C(C=C1)CC(=O)O)Cl,92,28714,http://dx.doi.org/10.1016/j.chemosphere.2013.10.095,Abraham M.H. and Acree Jr. W.E. The solubility of liquid and solid compounds in dry octan-1-ol. Chemosphere (2013),5,92,92.5,0.5
15893,Methane,C,-182,291,http://msds.chem.ox.ac.uk/,academic website,3,-182.55,-182,0.55
15813,Formamide,NC=O,2,693,http://msds.chem.ox.ac.uk/,academic website,3,2,2.55,0.55
265,1-bromotetradecane,CCCCCCCCCCCCCCBr,5,7916,http://www.alfa.com/en/GP100W.pgm?DSSTK=A16082,Alfa Aesar,2,5,5.6,0.6
27036,Cyclodecanol,OC1CCCCCCCCC1,39.85,14436,http://scripts.iucr.org/cgi-bin/paper?fr1118,IUCr,2,39.85,40.5,0.65
15841,Hexafluoroethane,FC(F)(F)C(F)(F)F,-100,6191,http://msds.chem.ox.ac.uk/,academic website,2,-100.7,-100,0.7
14907,"1,2,3,4,5-Pentafluorobenzene",Fc1cc(F)c(F)c(F)c1F,-48,13866746,http://msds.chem.ox.ac.uk/,academic website,2,-48,-47.3,0.7
5165,4-fluorophenoxyacetic acid,c1cc(ccc1OCC(=O)O)F,105,61199,http://www.alfa.com/en/GP100W.pgm?DSSTK=L01216,Alfa Aesar,2,104.25,105,0.75
15570,Acetyl chloride,CC(Cl)=O,-112,6127,http://msds.chem.ox.ac.uk/,academic website,4,-112.8,-112,0.8
28392,PCB-3,C1=CC=C(C=C1)C2=CC=C(C=C2)Cl,78,15489,http://dx.doi.org/10.1016/j.chemosphere.2013.10.095,Abraham M.H. and Acree Jr. W.E. The solubility of liquid and solid compounds in dry octan-1-ol. Chemosphere (2013),4,78,78.8,0.8
13357,ethyl_propionate,CCC(=O)OCC,-73,7463,http://www.amazon.com/dp/B003XEQTLE,Aldrich Chemical Company; Aldrich Catalog-Handbook of Fine Chemicals; Milwaukee; WI; 1984.,3,-73.9,-73,0.9
15305,2-Methylpropanal,CC(C)C=O,-65,6313,http://msds.chem.ox.ac.uk/,academic website,4,-65.9,-65,0.9
15854,Hydrogen bromide,Br,-86,255,http://msds.chem.ox.ac.uk/,academic website,2,-87,-86,1
17155,(+/+)-indoprofen,O=C(O)C(C)c1ccc(cc1)N2Cc3ccccc3C2=O,212.5,3587,http://dx.doi.org/10.1021/ci700307p,Hughes LD; Palmer DS; Nigsch F and Mitchell JBO. 2008 Why are some properties more difficult to predict than others? A study of QSPR models of solubility; melting point and LogP. J. Chem. Inf. Model. 2008. 48 (1). pp 220?302,2,212.5,213.5,1
28312,Niflumic Acid,C1=CC(=CC(=C1)NC2=C(C=CC=N2)C(=O)O)C(F)(F)F,204,4333,http://dx.doi.org/10.1016/j.chemosphere.2013.10.095,Abraham M.H. and Acree Jr. W.E. The solubility of liquid and solid compounds in dry octan-1-ol. Chemosphere (2013),2,203,204,1
8990,sulthiame,NS(=O)(=O)c1ccc(cc1)N2CCCCS2(=O)=O,180,5163,http://dx.doi.org/10.1021/ci020280x,Bergstrom C. A. S.; Norinder U.; Luthman K.; Artursson P. Molecular Descriptors Influencing Melting Point and Their Role in Classification of Solid Drugs. J. Chem. Inf. Comput. Sci.; (Article); 2003; 43(4); 1177-1436,2,180,181,1
15939,N-(9H-Fluoren-2-yl)acetamide,CC(=O)Nc1ccc2c3ccccc3Cc2c1,194,5686,http://msds.chem.ox.ac.uk/,academic website,2,193,194,1
8537,thiophene-3-carboxylic acid,c1cscc1C(=O)O,139,6652,http://www.alfa.com/en/GP100W.pgm?DSSTK=A15712,Alfa Aesar,2,138,139,1
15556,9H-Xanthen-9-one,O=C1c3ccccc3Oc2ccccc12,175,6753,http://msds.chem.ox.ac.uk/,academic website,2,175,176,1
2818,2-methoxy-4-nitroaniline,COc1cc(ccc1N)[N+](=O)[O-],140,7060,http://www.alfa.com/en/GP100W.pgm?DSSTK=B24220,Alfa Aesar,2,140,141,1
6466,benzoxazole,c1ccc2c(c1)nco2,30,8873,http://www.alfa.com/en/GP100W.pgm?DSSTK=A17489,Alfa Aesar,2,30,31,1
979,2-(4-hydroxyphenyl)ethanol,c1cc(ccc1CCO)O,91,9964,http://www.alfa.com/en/GP100W.pgm?DSSTK=A14891,Alfa Aesar,2,90,91,1
385,16-hydroxyhexadecanoic acid,C(CCCCCCCC(=O)O)CCCCCCCO,99,10034,http://www.alfa.com/en/GP100W.pgm?DSSTK=A17845,Alfa Aesar,2,98,99,1
8708,tryptophol,c1ccc2c(c1)c(c[nH]2)CCO,58,10235,http://www.alfa.com/en/GP100W.pgm?DSSTK=L02555,Alfa Aesar,2,58,59,1
6505,benzylurea,c1ccc(cc1)CNC(=O)N,149,10396,http://www.alfa.com/en/GP100W.pgm?DSSTK=B24945,Alfa Aesar,2,148,149,1
6299,9-heptadecanone,CCCCCCCCC(=O)CCCCCCCC,52,10425,http://www.alfa.com/en/GP100W.pgm?DSSTK=L01630,Alfa Aesar,2,52,53,1
7226,ethylmalonic acid,CCC(C(=O)O)C(=O)O,113,11263,http://www.alfa.com/en/GP100W.pgm?DSSTK=B20715,Alfa Aesar,2,113,114,1
2992,2-nitroresorcinol,c1cc(c(c(c1)O)[N+](=O)[O-])O,83,11267,http://www.alfa.com/en/GP100W.pgm?DSSTK=A12970,Alfa Aesar,2,82,83,1
7912,naphthalene-2-carbonitrile,c1ccc2cc(ccc2c1)C#N,65,11450,http://www.alfa.com/en/GP100W.pgm?DSSTK=L03704,Alfa Aesar,2,65,66,1
6483,benzyl carbamate,c1ccc(cc1)COC(=O)N,87,11638,http://www.alfa.com/en/GP100W.pgm?DSSTK=A11569,Alfa Aesar,2,87,88,1
4108,3-methylglutaric acid,CC(CC(=O)O)CC(=O)O,86,11781,http://www.alfa.com/en/GP100W.pgm?DSSTK=B24737,Alfa Aesar,2,86,87,1
7282,heptanenitrile,CCCCCCC#N,-64,11866,http://www.alfa.com/en/GP100W.pgm?DSSTK=A12326,Alfa Aesar,2,-64,-63,1
8504,tetraphenylmethane,c1ccc(cc1)C(c2ccccc2)(c3ccccc3)c4ccccc4,283,11917,http://www.alfa.com/en/GP100W.pgm?DSSTK=A14706,Alfa Aesar,2,282,283,1
1944,"2-amino-4,6-dimethylpyrimidine",Cc1cc(nc(n1)N)C,153,12480,http://www.alfa.com/en/GP100W.pgm?DSSTK=A13674,Alfa Aesar,2,152,153,1
14276,"1,1,1,2-tetrachloropropane",CC(Cl)C(Cl)(Cl)Cl,-65,12579,http://www.questia.com/library/book/physical_properties_of_chemical_compounds_by_robert_rickert_dreisbach.jsp,Dreisbach R. R. Physical Properties of Chemical Compounds; Vol. III; American Chemical Society; Washington; 1961.,2,-65,-64,1
8334,p-toluoyl chloride,Cc1ccc(cc1)C(=O)Cl,-2,12831,http://www.alfa.com/en/GP100W.pgm?DSSTK=A15581,Alfa Aesar,2,-3,-2,1
15176,"2,4-Dinitro-N-phenylaniline",[O-][N+](=O)c2ccc(Nc1ccccc1)c(c2)[N+]([O-])=O,160,13153,http://msds.chem.ox.ac.uk/,academic website,2,159,160,1
4536,4-acetylpyridine,CC(=O)c1ccncc1,15,13644,http://www.alfa.com/en/GP100W.pgm?DSSTK=A12015,Alfa Aesar,2,15,16,1
4427,"4,4'-dimethyl-2,2'-bipyridine",Cc1ccnc(c1)c2cc(ccn2)C,174,13699,http://www.alfa.com/en/GP100W.pgm?DSSTK=B24936,Alfa Aesar,2,174,175,1
2092,"2-bromo-1,4-dichlorobenzene",c1cc(c(cc1Cl)Br)Cl,34,14309,http://www.alfa.com/en/GP100W.pgm?DSSTK=A12056,Alfa Aesar,2,34,35,1
1831,"2,6-di-tert-butyl-4-ethylphenol",CCc1cc(c(c(c1)C(C)(C)C)O)C(C)(C)C,43,18924,http://www.alfa.com/en/GP100W.pgm?DSSTK=L08683,Alfa Aesar,2,43,44,1
14440,"4,4'-dimethyldiphenylmethane",Cc1ccc(cc1)Cc2ccc(C)cc2,29,19816,http://www.amazon.com/dp/B002IYRJWI,American Petroleum Institute. Research Project 44; Selected Values of Properties of Hydrocarbons and Related Compounds. Texas A & M University; College Station; TX; 1973.,2,28,29,1
8527,thiophene-2-carboxamide,c1cc(sc1)C(=O)N,181,20732,http://www.alfa.com/en/GP100W.pgm?DSSTK=A15219,Alfa Aesar,2,181,182,1
5468,4-nitrobenzenesulfonamide,c1cc(ccc1[N+](=O)[O-])S(=O)(=O)N,180,21360,http://www.alfa.com/en/GP100W.pgm?DSSTK=A18101,Alfa Aesar,2,179,180,1
4274,4-(aminomethyl)piperidine,C1CNCCC1CN,24,21997,http://www.alfa.com/en/GP100W.pgm?DSSTK=L11577,Alfa Aesar,2,24,25,1
1747,"2,6-dichlorobenzyl alcohol",c1cc(c(c(c1)Cl)CO)Cl,97,25276,http://www.alfa.com/en/GP100W.pgm?DSSTK=A12196,Alfa Aesar,2,97,98,1
14044,5-chloro-o-anisidine,COc1ccc(Cl)cc1N,83,60129,http://www.amazon.com/dp/B003XEQTLE,Aldrich Chemical Company; Aldrich Catalog-Handbook of Fine Chemicals; Milwaukee; WI; 1984.,2,82,83,1
14409,4-chlorobenzenesulfonamide,O=S(N)(=O)c1ccc(Cl)cc1,145,60188,http://www.amazon.com/dp/B003XEQTLE,Aldrich Chemical Company; Aldrich Catalog-Handbook of Fine Chemicals; Milwaukee; WI; 1984.,2,145,146,1
884,(benzylthio)acetic acid,c1ccc(cc1)CSCC(=O)O,62,60259,http://www.alfa.com/en/GP100W.pgm?DSSTK=A18698,Alfa Aesar,2,61,62,1
6320,acetone oxime,CC(=NO)C,62,60524,http://www.alfa.com/en/GP100W.pgm?DSSTK=A10802,Alfa Aesar,2,61,62,1
5112,4-fluoro-2-nitrotoluene,Cc1ccc(cc1[N+](=O)[O-])F,26,61280,http://www.alfa.com/en/GP100W.pgm?DSSTK=B24677,Alfa Aesar,2,26,27,1
1118,"2,2'-bithiophene",c1cc(sc1)c2cccs2,32,61428,http://www.alfa.com/en/GP100W.pgm?DSSTK=A12335,Alfa Aesar,2,32,33,1
745,"1,1'-carbonyldiimidazole",c1cn(cn1)C(=O)n2ccnc2,118,61561,http://www.alfa.com/en/GP100W.pgm?DSSTK=A14688,Alfa Aesar,2,118,119,1
1165,"2,3,4,5,6-pentafluorobenzamide",c1(c(c(c(c(c1F)F)F)F)F)C(=O)N,148,62751,http://www.alfa.com/en/GP100W.pgm?DSSTK=A18397,Alfa Aesar,2,147,148,1
6774,di-2-thienyl ketone,c1cc(sc1)C(=O)c2cccs2,89,62914,http://www.alfa.com/en/GP100W.pgm?DSSTK=A12062,Alfa Aesar,2,89,90,1
6241,7-methylindole,Cc1cccc2c1[nH]cc2,84,63459,http://www.alfa.com/en/GP100W.pgm?DSSTK=L17521,Alfa Aesar,2,84,85,1
6493,benzyl phenyl ether,c1ccc(cc1)COc2ccccc2,39,63533,http://www.alfa.com/en/GP100W.pgm?DSSTK=B22539,Alfa Aesar,2,39,40,1
14989,1-{[2-(4-Ethoxyphenyl)-2-methylpropoxy]methyl}-3-phenoxybenzene,CCOc1ccc(cc1)C(C)(C)COCc3cc(Oc2ccccc2)ccc3,36,64377,http://msds.chem.ox.ac.uk/,academic website,2,36,37,1
5932,"5-hydroxy-3,4-dimethoxybenzoic acid",COc1cc(cc(c1OC)O)C(=O)O,196,67282,http://www.alfa.com/en/GP100W.pgm?DSSTK=L05708,Alfa Aesar,2,195,196,1
2949,2-naphthoyl chloride,c1ccc2cc(ccc2c1)C(=O)Cl,50,67790,http://www.alfa.com/en/GP100W.pgm?DSSTK=A14046,Alfa Aesar,2,50,51,1
14693,"1,3-dichloro-5-iodobenzene",Ic1cc(Cl)cc(Cl)c1,56,68896,http://www.amazon.com/dp/B003XEQTLE,Aldrich Chemical Company; Aldrich Catalog-Handbook of Fine Chemicals; Milwaukee; WI; 1984.,2,56,57,1
8678,triphenylmethyl mercaptan,c1ccc(cc1)C(c2ccccc2)(c3ccccc3)S,106,69703,http://www.alfa.com/en/GP100W.pgm?DSSTK=A14888,Alfa Aesar,2,105,106,1
2010,2-amino-5-nitropyridine,c1cc(ncc1[N+](=O)[O-])N,188,70280,http://www.alfa.com/en/GP100W.pgm?DSSTK=A11352,Alfa Aesar,2,187,188,1
8301,piperonylonitrile,c1cc2c(cc1C#N)OCO2,93,70512,http://www.alfa.com/en/GP100W.pgm?DSSTK=A13012,Alfa Aesar,2,93,94,1
16075,Phenyl vinyl sulfone,O=S(=O)(C=C)c1ccccc1,68,71964,http://msds.chem.ox.ac.uk/,academic website,2,68,69,1
13276,5-methyl-1-hexyne,CC(C)CCC#C,-124,121154,http://www.amazon.com/dp/B002IYRJWI,American Petroleum Institute. Research Project 44; Selected Values of Properties of Hydrocarbons and Related Compounds. Texas A & M University; College Station; TX; 1973.,2,-125,-124,1
24799,d-galacturonic acid,OC(C(O)C(O)C(O)C=O)C(=O)O,166,134737,http://www.srcinc.com/what-we-do/product.aspx?id=133,PHYSPROP,2,165,166,1
8580,trans-4-methoxycinnamic acid,COc1ccc(cc1)/C=C/C(=O)O,173,609479,http://www.alfa.com/en/GP100W.pgm?DSSTK=A13870,Alfa Aesar,2,173,174,1
2810,2-mercaptothiazoline,C1CSC(=S)N1,105,2005898,http://www.alfa.com/en/GP100W.pgm?DSSTK=L04924,Alfa Aesar,2,105,106,1
7847,"N,N'-diethylthiourea",CCNC(=S)NCC,77,2016737,http://www.alfa.com/en/GP100W.pgm?DSSTK=A17143,Alfa Aesar,2,77,78,1
11996,"7,17-dioxoandrostan-3-yl acetate",O=C1CC2CC(OC(=O)C)CCC2(C)C2CCC3(C)C(=O)CCC3C12,164,2029571,http://dx.doi.org/10.1021/ci0500132,Karthikeyan M.; Glen R.C.; Bender A. General melting point prediction based on a diverse compound dataset and artificial neural networks. J. Chem. Inf. Model.; 2005; 45(3); 581-3578,2,164,165,1
5480,4-nitrocatechol,c1cc(c(cc1[N+](=O)[O-])O)O,176,2745027,http://www.alfa.com/en/GP100W.pgm?DSSTK=A12122,Alfa Aesar,2,175,176,1
4212,3-vinylbenzoic acid,C=Cc1cccc(c1)C(=O)O,95,3637837,http://www.alfa.com/en/GP100W.pgm?DSSTK=H32556,Alfa Aesar,2,95,96,1
937,2-(2-hydroxyphenyl)benzothiazole,c1ccc(c(c1)c2nc3ccccc3s2)O,132,10181821,http://www.alfa.com/en/GP100W.pgm?DSSTK=A19346,Alfa Aesar,2,131,132,1
15317,2-Nitro-N-phenylacetamide,O=C(Nc1ccccc1)C[N+]([O-])=O,93,11279086,http://msds.chem.ox.ac.uk/,academic website,2,93,94,1
4667,"4-bromo-1,2-dichlorobenzene",c1cc(c(cc1Br)Cl)Cl,24,13881395,http://www.alfa.com/en/GP100W.pgm?DSSTK=A10314,Alfa Aesar,2,24,25,1
7687,methyl n-methylanthranilate,CNc1ccccc1C(=O)OC,18,21108245,http://www.alfa.com/en/GP100W.pgm?DSSTK=B20233,Alfa Aesar,2,18,19,1
317,"1-bromo-2,4-dichlorobenzene",c1cc(c(cc1Cl)Cl)Br,27,21170125,http://www.alfa.com/en/GP100W.pgm?DSSTK=A12298,Alfa Aesar,2,26,27,1
1164,"2,3,4,5,6-pentafluoroanisole",COc1c(c(c(c(c1F)F)F)F)F,-38,21171396,http://www.alfa.com/en/GP100W.pgm?DSSTK=B23928,Alfa Aesar,2,-38,-37,1
6319,acetone,CC(=O)C,-94,175,http://www.alfa.com/en/GP100W.pgm?DSSTK=32451,Alfa Aesar,3,-95,-94,1
8971,nomifensine,CN3CC(c1ccccc1)c2cccc(N)c2C3,179,4371,http://dx.doi.org/10.1021/ci020280x,Bergstrom C. A. S.; Norinder U.; Luthman K.; Artursson P. Molecular Descriptors Influencing Melting Point and Their Role in Classification of Solid Drugs. J. Chem. Inf. Comput. Sci.; (Article); 2003; 43(4); 1177-1417,3,179,180,1
14207,p-toluenesulfonamide,Cc1ccc(cc1)S(=O)(N)=O,139,6033,http://www.amazon.com/dp/B003XEQTLE,Aldrich Chemical Company; Aldrich Catalog-Handbook of Fine Chemicals; Milwaukee; WI; 1984.,3,138,139,1
15069,1-Naphthoic acid,O=C(O)c2cccc1ccccc12,162,6586,http://msds.chem.ox.ac.uk/,academic website,3,161,162,1
17,"1-phenyl-1,2-ethanediol",c1ccc(cc1)C(CO)O,67,6882,http://www.alfa.com/en/GP100W.pgm?DSSTK=L04551,Alfa Aesar,3,67,68,1
14453,benzanilide,O=C(Nc1ccccc1)c2ccccc2,163,6900,http://www.amazon.com/dp/B003XEQTLE,Aldrich Chemical Company; Aldrich Catalog-Handbook of Fine Chemicals; Milwaukee; WI; 1984.,3,163,164,1
15356,"3,5-Dinitrobenzoic acid",O=[N+]([O-])c1cc(cc(c1)[N+]([O-])=O)C(=O)O,206,7155,http://msds.chem.ox.ac.uk/,academic website,3,205,206,1
1203,"2,3,4-trimethylpentane",CC(C)C(C)C(C)C,-110,10795,http://www.alfa.com/en/GP100W.pgm?DSSTK=L08176,Alfa Aesar,3,-110,-109,1
14709,p-bromoiodobenzene,Ic1ccc(Br)cc1,91,11038,http://www.amazon.com/dp/B003XEQTLE,Aldrich Chemical Company; Aldrich Catalog-Handbook of Fine Chemicals; Milwaukee; WI; 1984.,3,91,92,1
14391,cyclohexyl_phenyl_ketone,O=C(c1ccccc1)C2CCCCC2,55,12307,http://www.amazon.com/dp/B003XEQTLE,Aldrich Chemical Company; Aldrich Catalog-Handbook of Fine Chemicals; Milwaukee; WI; 1984.,3,55,56,1
1844,"2,7-dimethyloctane",CC(C)CCCCC(C)C,-55,13451,http://www.alfa.com/en/GP100W.pgm?DSSTK=B21646,Alfa Aesar,3,-55,-54,1
14250,"2,3-dichloroanisole",Clc1c(OC)cccc1Cl,31,15310,http://www.amazon.com/dp/B003XEQTLE,Aldrich Chemical Company; Aldrich Catalog-Handbook of Fine Chemicals; Milwaukee; WI; 1984.,3,31,32,1
8185,octanenitrile,CCCCCCCC#N,-45,29026,http://www.alfa.com/en/GP100W.pgm?DSSTK=B23338,Alfa Aesar,3,-46,-45,1
15406,4-(Hydroxymethyl)-2-methoxyphenol,Oc1ccc(cc1OC)CO,114,56139,http://msds.chem.ox.ac.uk/,academic website,3,114,115,1
15699,Decafluorobiphenyl,Fc1c(c(F)c(F)c(F)c1F)c2c(F)c(F)c(F)c(F)c2F,67,61266,http://msds.chem.ox.ac.uk/,academic website,3,67,68,1
6449,benzofuroxan,c1ccc2c(c1)no[n+]2[O-],69,61388,http://www.alfa.com/en/GP100W.pgm?DSSTK=L10144,Alfa Aesar,3,69,70,1
13239,isobutyramide,CC(C)C(N)=O,129,61707,http://www.amazon.com/dp/B003XEQTLE,Aldrich Chemical Company; Aldrich Catalog-Handbook of Fine Chemicals; Milwaukee; WI; 1984.,3,128,129,1
14478,p-bromobenzamide,O=C(N)c1ccc(Br)cc1,191,62884,http://www.amazon.com/dp/B003XEQTLE,Aldrich Chemical Company; Aldrich Catalog-Handbook of Fine Chemicals; Milwaukee; WI; 1984.,3,191,192,1
13346,1-methylcyclopentanol,CC1(O)CCCC1,37,66464,http://www.amazon.com/dp/B003XEQTLE,Aldrich Chemical Company; Aldrich Catalog-Handbook of Fine Chemicals; Milwaukee; WI; 1984.,3,36,37,1
15535,6-Propyl-2-sulfanylpyrimidin-4-ol,Sc1nc(CCC)cc(O)n1,220,571424,http://msds.chem.ox.ac.uk/,academic website,3,219,220,1
4139,3-nitrobenzamide,c1cc(cc(c1)[N+](=O)[O-])C(=O)N,142,11202219,http://www.alfa.com/en/GP100W.pgm?DSSTK=A15481,Alfa Aesar,3,142,143,1
8298,piperonal,c1cc2c(cc1C=O)OCO2,36,13859497,http://www.alfa.com/en/GP100W.pgm?DSSTK=A14072,Alfa Aesar,3,36,37,1
16089,Propionaldehyde,CCC=O,-81,512,http://msds.chem.ox.ac.uk/,academic website,4,-81,-80,1
15150,"2,3-Dimethylbutane",CC(C)C(C)C,-128,6340,http://msds.chem.ox.ac.uk/,academic website,4,-129,-128,1
15269,2-Iodobenzoic acid,OC(=O)c1ccccc1I,162.5,6675,http://msds.chem.ox.ac.uk/,academic website,4,162,163,1
13761,2-isopropylphenol,CC(C)c1ccccc1O,16,6677,http://www.amazon.com/dp/B003XEQTLE,Aldrich Chemical Company; Aldrich Catalog-Handbook of Fine Chemicals; Milwaukee; WI; 1984.,4,15,16,1
15070,1-Naphthol,Oc2cccc1ccccc12,95,6739,http://msds.chem.ox.ac.uk/,academic website,4,95,96,1
16095,Propylbenzene,CCCc1ccccc1,-99,7385,http://msds.chem.ox.ac.uk/,academic website,4,-100,-99,1
15640,Butan-1-amine,CCCCN,-49,7716,http://msds.chem.ox.ac.uk/,academic website,4,-50,-49,1
6970,diphenylacetic acid,c1ccc(cc1)C(c2ccccc2)C(=O)O,147,8030,http://www.alfa.com/en/GP100W.pgm?DSSTK=A11489,Alfa Aesar,4,146,147,1
16120,Suberic acid,O=C(O)CCCCCCC(=O)O,143,10025,http://msds.chem.ox.ac.uk/,academic website,4,143,144,1
15235,2-Chloro-2-methylpropane,CC(C)(C)Cl,-26,10054,http://msds.chem.ox.ac.uk/,academic website,4,-26,-25,1
14492,2-chloro-5-nitrobenzoic_acid,OC(=O)c1cc(ccc1Cl)[N+]([O-])=O,166,16359,http://www.amazon.com/dp/B003XEQTLE,Aldrich Chemical Company; Aldrich Catalog-Handbook of Fine Chemicals; Milwaukee; WI; 1984.,4,166,167,1
14099,p-nitrophenylacetonitrile,O=[N+]([O-])c1ccc(CC#N)cc1,116,61672,http://www.amazon.com/dp/B003XEQTLE,Aldrich Chemical Company; Aldrich Catalog-Handbook of Fine Chemicals; Milwaukee; WI; 1984.,4,116,117,1
14014,2-amino-4-nitrophenol,Nc1cc(ccc1O)[N+]([O-])=O,144,2848685,http://www.amazon.com/dp/B003XEQTLE,Aldrich Chemical Company; Aldrich Catalog-Handbook of Fine Chemicals; Milwaukee; WI; 1984.,4,143,144,1
16097,p-Toluidine,Cc1ccc(N)cc1,43,13835151,http://msds.chem.ox.ac.uk/,academic website,4,43,44,1
6344,albendazole,CCCSc1ccc2c(c1)nc([nH]2)NC(=O)OC,209,1998,http://www.alfa.com/en/GP100W.pgm?DSSTK=H25925,Alfa Aesar,5,208,209,1
15192,"2,6-Dichlorobenzaldehyde",O=Cc1c(Cl)cccc1Cl,70.5,6481,http://msds.chem.ox.ac.uk/,academic website,5,70.5,71.5,1
15310,2-Naphthol,Oc1ccc2ccccc2c1,122,8341,http://msds.chem.ox.ac.uk/,academic website,5,122,123,1
27557,"2,3,4-Trichloronitrobenzene",C1=CC(=C(C(=C1[N+](=O)[O-])Cl)Cl)Cl,55.5,26691,http://dx.doi.org/10.1016/j.chemosphere.2013.10.095,Abraham M.H. and Acree Jr. W.E. The solubility of liquid and solid compounds in dry octan-1-ol. Chemosphere (2013),5,55,56,1
15170,"2,4-Diisocyanato-1-methylbenzene",O=C=N/c1cc(ccc1C)N=C=O,20.5,13835351,http://msds.chem.ox.ac.uk/,academic website,5,20,21,1
27928,Cholesterol,C[C@H](CCCC(C)C)[C@H]1CC[C@@H]2[C@@]1(CC[C@H]3[C@H]2CC=C4[C@@]3(CC[C@@H](C4)O)C)C,148,5775,http://dx.doi.org/10.1016/j.chemosphere.2013.10.095,Abraham M.H. and Acree Jr. W.E. The solubility of liquid and solid compounds in dry octan-1-ol. Chemosphere (2013),6,148,149,1
6489,benzyl mercaptan,c1ccc(cc1)CS,-30,13851383,http://www.alfa.com/en/GP100W.pgm?DSSTK=B20081,Alfa Aesar,4,-30,-29,1
8186,octanoic acid,CCCCCCCC(=O)O,17,370,http://www.alfa.com/en/GP100W.pgm?DSSTK=A11149,Alfa Aesar,6,15.85,17,1.15
15632,Bromoethene,BrC=C,-139,11151,http://msds.chem.ox.ac.uk/,academic website,2,-139,-137.8,1.2
16189,Triphenylmethanol,OC(c1ccccc1)(c2ccccc2)c3ccccc3,163,6215,http://msds.chem.ox.ac.uk/,academic website,4,163,164.2,1.2
5153,4-fluorobenzonitrile,c1cc(ccc1C#N)F,36,13861,http://www.alfa.com/en/GP100W.pgm?DSSTK=A13028,Alfa Aesar,2,34.8,36,1.2
28552,Sulfanilamide,C1=CC(=CC=C1N)S(=O)(=O)N,166.2,5142,http://dx.doi.org/10.1016/j.chemosphere.2013.10.095,Abraham M.H. and Acree Jr. W.E. The solubility of liquid and solid compounds in dry octan-1-ol. Chemosphere (2013),7,165,166.2,1.2
15593,Benzaldehyde,O=Cc1ccccc1,-56,235,http://msds.chem.ox.ac.uk/,academic website,4,-56.9,-55.6,1.3
286,1-bromo-4-fluorobenzene,c1cc(ccc1F)Br,-16,13875180,http://www.alfa.com/en/GP100W.pgm?DSSTK=A11630,Alfa Aesar,2,-17.4,-16,1.4
15512,"5-Amino-1-[2,6-dichloro-4-(trifluoromethyl)phenyl]-4-[(trifluoromethyl)sulfinyl]-1H-pyrazole-3-carbonitrile",FC(F)(F)S(=O)c1c(N)n(nc1C#N)c2c(Cl)cc(cc2Cl)C(F)(F)F,199,3235,http://msds.chem.ox.ac.uk/,academic website,2,199,200.5,1.5
2945,2-naphthoic acid,c1ccc2cc(ccc2c1)C(=O)O,184,6856,http://www.alfa.com/en/GP100W.pgm?DSSTK=L05102,Alfa Aesar,2,184,185.5,1.5
2488,2-chlorophenoxyacetic acid,c1ccc(c(c1)OCC(=O)O)Cl,150,11475,http://www.alfa.com/en/GP100W.pgm?DSSTK=L00926,Alfa Aesar,2,148.5,150,1.5
15179,"2,5-Dichloro-1,4-benzoquinone",O=C1C=C(Cl)C(=O)C=C1Cl,161.5,11516,http://msds.chem.ox.ac.uk/,academic website,2,160,161.5,1.5
3487,"3,5-dimethoxybenzoic acid",COc1cc(cc(c1)OC)C(=O)O,184,13693,http://www.alfa.com/en/GP100W.pgm?DSSTK=A14374,Alfa Aesar,2,184,185.5,1.5
6026,5-phenylvaleric acid,c1ccc(cc1)CCCCC(=O)O,59,15886,http://www.alfa.com/en/GP100W.pgm?DSSTK=A10499,Alfa Aesar,2,57.5,59,1.5
4177,3-phenoxybenzoic acid,c1ccc(cc1)Oc2cccc(c2)C(=O)O,148,18409,http://www.alfa.com/en/GP100W.pgm?DSSTK=A14831,Alfa Aesar,2,148,149.5,1.5
12862,FTHALIDE,Clc1c2COC(=O)c2c(Cl)c(Cl)c1Cl,208,31144,http://dx.doi.org/10.1021/ci0500132,Karthikeyan M.; Glen R.C.; Bender A. General melting point prediction based on a diverse compound dataset and artificial neural networks. J. Chem. Inf. Model.; 2005; 45(3); 581-4444,2,208,209.5,1.5
3185,3-(trifluoromethyl)benzonitrile,c1cc(cc(c1)C(F)(F)F)C#N,16,61101,http://www.alfa.com/en/GP100W.pgm?DSSTK=A17029,Alfa Aesar,2,14.5,16,1.5
1635,"2',5'-dihydroxypropiophenone",CCC(=O)c1cc(ccc1O)O,98,63495,http://www.alfa.com/en/GP100W.pgm?DSSTK=A12912,Alfa Aesar,2,96.5,98,1.5
12703,Terebinic Acid,O=C1OC(C)(C)C(C1)C(=O)O,176,91750,http://dx.doi.org/10.1021/ci0500132,Karthikeyan M.; Glen R.C.; Bender A. General melting point prediction based on a diverse compound dataset and artificial neural networks. J. Chem. Inf. Model.; 2005; 45(3); 581-4285,2,174.5,176,1.5
15808,Ethylphosphonic acid,CCP(=O)(O)O,61.5,177126,http://msds.chem.ox.ac.uk/,academic website,2,60,61.5,1.5
1058,2-(trifluoromethyl)acrylic acid,C=C(C(=O)O)C(F)(F)F,50,510851,http://www.alfa.com/en/GP100W.pgm?DSSTK=B22443,Alfa Aesar,2,50,51.5,1.5
25628,stirofos,Clc1cc(C(=CCl)OP(=O)(OC)OC)c(Cl)cc1Cl,97.5,4447527,http://www.srcinc.com/what-we-do/product.aspx?id=133,PHYSPROP,2,96,97.5,1.5
1694,"2,6-diaminopyridine",c1cc(nc(c1)N)N,120,8528,http://www.alfa.com/en/GP100W.pgm?DSSTK=A12295,Alfa Aesar,3,120,121.5,1.5
13807,"1,4-benzenedimethanol",OCc1ccc(CO)cc1,118,11022,http://www.amazon.com/dp/B003XEQTLE,Aldrich Chemical Company; Aldrich Catalog-Handbook of Fine Chemicals; Milwaukee; WI; 1984.,3,117.5,119,1.5
747,"1,1'-bi(2-naphthol)",c1ccc2c(c1)ccc(c2c3c4ccccc4ccc3O)O,217,11269,http://www.alfa.com/en/GP100W.pgm?DSSTK=A11182,Alfa Aesar,3,215.5,217,1.5
14533,p-tolyl_benzoate,O=C(Oc1ccc(C)cc1)c2ccccc2,70,11468,http://de.wikipedia.org/wiki/Beilsteins_Handbuch_der_Organischen_Chemie,Beilstein F. K.; Beilsteins Handbuch der Organischen Chemie. Springer; Berlin; 1972.,3,70,71.5,1.5
5566,4-picoline n-oxide,Cc1cc[n+](cc1)[O-],184,13257,http://www.alfa.com/en/GP100W.pgm?DSSTK=A17330,Alfa Aesar,3,184,185.5,1.5
13983,phenoxyacetic_acid,O=C(O)COc1ccccc1,100,18107,http://www.amazon.com/dp/B003XEQTLE,Aldrich Chemical Company; Aldrich Catalog-Handbook of Fine Chemicals; Milwaukee; WI; 1984.,3,98.5,100,1.5
15434,"4-Amino-2,6-dichlorophenol",Clc1cc(N)cc(Cl)c1O,168.5,72291,http://msds.chem.ox.ac.uk/,academic website,3,167,168.5,1.5
13969,p-methoxybenzamide,COc1ccc(cc1)C(N)=O,165,10256859,http://www.amazon.com/dp/B003XEQTLE,Aldrich Chemical Company; Aldrich Catalog-Handbook of Fine Chemicals; Milwaukee; WI; 1984.,3,165,166.5,1.5
15849,"Hexane-2,5-dione",CC(=O)CCC(C)=O,-7,7744,http://msds.chem.ox.ac.uk/,academic website,4,-7,-5.5,1.5
13797,trans-decahydronaphthalene,C1CC[C@H]2CCCC[C@@H]2C1,-32,10265270,http://www.amazon.com/dp/B003XEQTLE,Aldrich Chemical Company; Aldrich Catalog-Handbook of Fine Chemicals; Milwaukee; WI; 1984.,2,-32,-30.3,1.7
15618,Biacetyl,CC(=O)C(C)=O,-3,630,http://msds.chem.ox.ac.uk/,academic website,3,-3,-1.2,1.8
838,1-(2-hydroxyethyl)piperidine,C1CCN(CC1)CCO,16,17221,http://www.alfa.com/en/GP100W.pgm?DSSTK=B23816,Alfa Aesar,2,16,17.9,1.9
6886,"dimethyl 1,10-decanedicarboxylate",COC(=O)CCCCCCCCCCC(=O)OC,30,67007,http://www.alfa.com/en/GP100W.pgm?DSSTK=L08757,Alfa Aesar,2,30,31.9,1.9
6788,dibenzothiophene,c1ccc2c(c1)c3ccccc3s2,99,2915,http://www.alfa.com/en/GP100W.pgm?DSSTK=A12288,Alfa Aesar,2,97,99,2
8993,testosterone,CC34CCC1C(CCC2=CC(=O)CCC12C)C3CCC4O,153,5215,http://dx.doi.org/10.1021/ci020280x,Bergstrom C. A. S.; Norinder U.; Luthman K.; Artursson P. Molecular Descriptors Influencing Melting Point and Their Role in Classification of Solid Drugs. J. Chem. Inf. Comput. Sci.; (Article); 2003; 43(4); 1177-1439,2,153,155,2
16147,Tetraphene,c1c4ccccc4cc3c1ccc2ccccc23,158,5739,http://msds.chem.ox.ac.uk/,academic website,2,158,160,2
1080,"2,2,2-tribromoethanol",C(C(Br)(Br)Br)O,79,6160,http://www.alfa.com/en/GP100W.pgm?DSSTK=A18706,Alfa Aesar,2,79,81,2
6962,diphenyl phthalate,c1ccc(cc1)OC(=O)c2ccccc2C(=O)Oc3ccccc3,75,6520,http://www.alfa.com/en/GP100W.pgm?DSSTK=A14449,Alfa Aesar,2,73,75,2
5996,5-methylsalicylic acid,Cc1ccc(c(c1)C(=O)O)O,153,6707,http://www.alfa.com/en/GP100W.pgm?DSSTK=B20040,Alfa Aesar,2,151,153,2
1662,"2,5-dimethylbenzothiazole",Cc1ccc2c(c1)nc(s2)C,40,6957,http://www.alfa.com/en/GP100W.pgm?DSSTK=A14830,Alfa Aesar,2,38,40,2
7208,ethyl stearate,CCCCCCCCCCCCCCCCCC(=O)OCC,35,7830,http://www.alfa.com/en/GP100W.pgm?DSSTK=A16807,Alfa Aesar,2,33,35,2
7836,"N,N'-dibenzylethylenediamine",c1ccc(cc1)CNCCNCc2ccccc2,24,8463,http://www.alfa.com/en/GP100W.pgm?DSSTK=L03540,Alfa Aesar,2,24,26,2
383,18-pentatriacontanone,CCCCCCCCCCCCCCCCCC(=O)CCCCCCCCCCCCCCCCC,87,10009,http://www.alfa.com/en/GP100W.pgm?DSSTK=41445,Alfa Aesar,2,87,89,2
7429,maleimide,C1=CC(=O)NC1=O,92,10471,http://www.alfa.com/en/GP100W.pgm?DSSTK=A13135,Alfa Aesar,2,92,94,2
13952,p-formyl_benzoic_acid,OC(=O)c1ccc(C=O)cc1,247,11591,http://www.amazon.com/dp/B003XEQTLE,Aldrich Chemical Company; Aldrich Catalog-Handbook of Fine Chemicals; Milwaukee; WI; 1984.,2,245,247,2
7250,formic acid hydrazide,C(=O)NN,57,11728,http://www.alfa.com/en/GP100W.pgm?DSSTK=A14901,Alfa Aesar,2,55,57,2
8648,trimethylacetonitrile,CC(C)(C)C#N,17,11909,http://www.alfa.com/en/GP100W.pgm?DSSTK=A12011,Alfa Aesar,2,15,17,2
6363,"alpha,alpha-dimethylphenylacetic acid",CC(C)(c1ccccc1)C(=O)O,81,12667,http://www.alfa.com/en/GP100W.pgm?DSSTK=32884,Alfa Aesar,2,79,81,2
1815,"2,6-dimethyl-4-pyrone",Cc1cc(=O)cc(o1)C,134,13262,http://www.alfa.com/en/GP100W.pgm?DSSTK=A12799,Alfa Aesar,2,132,134,2
15771,Dodecyl(dimethyl)amine oxide,C[N+]([O-])(C)CCCCCCCCCCCC,132.5,14688,http://msds.chem.ox.ac.uk/,academic website,2,130.5,132.5,2
13412,4-octyne,CCCC#CCCC,-103,15221,http://www.amazon.com/dp/B003XEQTLE,Aldrich Chemical Company; Aldrich Catalog-Handbook of Fine Chemicals; Milwaukee; WI; 1984.,2,-103,-101,2
1759,"2,6-dichloropyridine",c1cc(nc(c1)Cl)Cl,86,16095,http://www.alfa.com/en/GP100W.pgm?DSSTK=A11364,Alfa Aesar,2,86,88,2
3409,"3,5-dibromosalicylic acid",c1c(cc(c(c1C(=O)O)O)Br)Br,226,17440,http://www.alfa.com/en/GP100W.pgm?DSSTK=B25642,Alfa Aesar,2,226,228,2
4797,4-bromobenzhydrazide,c1cc(ccc1C(=O)NN)Br,168,20861,http://www.alfa.com/en/GP100W.pgm?DSSTK=A18918,Alfa Aesar,2,166,168,2
676,"1,2-dibromo-2,4-dicyanobutane",C(CC(CBr)(C#N)Br)C#N,50,55806,http://www.alfa.com/en/GP100W.pgm?DSSTK=L18725,Alfa Aesar,2,50,52,2
4801,4-bromobenzoyl chloride,c1cc(ccc1C(=O)Cl)Br,40,61790,http://www.alfa.com/en/GP100W.pgm?DSSTK=L03794,Alfa Aesar,2,40,42,2
6981,di-p-tolyl sulfone,Cc1ccc(cc1)S(=O)(=O)c2ccc(cc2)C,157,62252,http://www.alfa.com/en/GP100W.pgm?DSSTK=A12176,Alfa Aesar,2,157,159,2
6013,5-nitroisoquinoline,c1cc2cnccc2c(c1)[N+](=O)[O-],108,62303,http://www.alfa.com/en/GP100W.pgm?DSSTK=A15311,Alfa Aesar,2,108,110,2
6906,dimethyl itaconate,COC(=O)CC(=C)C(=O)OC,36,62453,http://www.alfa.com/en/GP100W.pgm?DSSTK=L12652,Alfa Aesar,2,36,38,2
7745,m-xylylene dibromide,BrCc1cccc(c1)CBr,75,62581,http://www.alfa.com/en/GP100W.pgm?DSSTK=B24959,Alfa Aesar,2,75,77,2
1970,2-amino-4-tert-butylphenol,CC(C)(C)c1ccc(c(c1)N)O,163,64143,http://www.alfa.com/en/GP100W.pgm?DSSTK=B22964,Alfa Aesar,2,161,163,2
15108,"2,2'-(1,4-Phenylene)bis(4-methyl-5-phenyl-1,3-oxazole)",Cc2nc(oc2c1ccccc1)c3ccc(cc3)c4nc(C)c(o4)c5ccccc5,232,68961,http://msds.chem.ox.ac.uk/,academic website,2,232,234,2
4058,3-methoxybenzhydrazide,COc1cccc(c1)C(=O)NN,92,72141,http://www.alfa.com/en/GP100W.pgm?DSSTK=B20956,Alfa Aesar,2,92,94,2
3638,3-aminobenzyl alcohol,c1cc(cc(c1)N)CO,93,72534,http://www.alfa.com/en/GP100W.pgm?DSSTK=L07847,Alfa Aesar,2,93,95,2
14205,"3,5-dichlorobenzonitrile",Clc1cc(C#N)cc(Cl)c1,64,73125,http://www.amazon.com/dp/B003XEQTLE,Aldrich Chemical Company; Aldrich Catalog-Handbook of Fine Chemicals; Milwaukee; WI; 1984.,2,64,66,2
24240,exo-2-endo-3-norbornanediol,OC2C1CCC(C1)C2O,141,77326,http://www.srcinc.com/what-we-do/product.aspx?id=133,PHYSPROP,2,139,141,2
6182,6-nitrophthalide,c1cc2c(cc1[N+](=O)[O-])C(=O)OC2,143,194210,http://www.alfa.com/en/GP100W.pgm?DSSTK=B20375,Alfa Aesar,2,143,145,2
7875,"N,N'-di-n-butylthiourea",CCCCNC(=S)NCCCC,66,2005824,http://www.alfa.com/en/GP100W.pgm?DSSTK=A16783,Alfa Aesar,2,64,66,2
4392,"4,4'-bipyridine",c1cnccc1c2ccncc2,113,21105699,http://www.alfa.com/en/GP100W.pgm?DSSTK=A10187,Alfa Aesar,2,111,113,2
8390,quinoxaline,c1ccc2c(c1)nccn2,30,21106470,http://www.alfa.com/en/GP100W.pgm?DSSTK=A14055,Alfa Aesar,2,28,30,2
14090,"2,5-dichlorophenol",Clc1ccc(Cl)c(O)c1,57,65,http://www.amazon.com/dp/B003XEQTLE,Aldrich Chemical Company; Aldrich Catalog-Handbook of Fine Chemicals; Milwaukee; WI; 1984.,3,57,59,2
8290,pimelic acid,C(CCC(=O)O)CCC(=O)O,104,376,http://www.alfa.com/en/GP100W.pgm?DSSTK=A18495,Alfa Aesar,3,104,106,2
15886,Malic acid,O=C(O)C(O)CC(=O)O,130,510,http://msds.chem.ox.ac.uk/,academic website,3,130,132,2
17030,Acetazolamide,O=S(N)(=O)c1nnc(NC(C)=O)s1,260.5,1909,http://www.drugbank.ca/drugs/DB00819,DrugBank,3,258.5,260.5,2
15186,"2,5-Di-tert-butylbenzene-1,4-diol",CC(C)(C)c1cc(O)c(cc1O)C(C)(C)C,218,2283,http://msds.chem.ox.ac.uk/,academic website,3,216,218,2
13592,2-hydroxybenzyl_alcohol,OCc1ccccc1O,85,4962,http://www.amazon.com/dp/B003XEQTLE,Aldrich Chemical Company; Aldrich Catalog-Handbook of Fine Chemicals; Milwaukee; WI; 1984.,3,85,87,2
14081,bromodichloromethane,BrC(Cl)Cl,-55,6119,http://www.amazon.com/dp/B003XEQTLE,Aldrich Chemical Company; Aldrich Catalog-Handbook of Fine Chemicals; Milwaukee; WI; 1984.,3,-57,-55,2
303,1-bromo-2-methylpropane,CC(C)CBr,-118,6307,http://www.alfa.com/en/GP100W.pgm?DSSTK=B23854,Alfa Aesar,3,-119,-117,2
15278,2-Methoxynaphthalene,COc1ccc2ccccc2c1,74,6852,http://msds.chem.ox.ac.uk/,academic website,3,72,74,2
8805,dextromoramide,CC(CN1CCOCC1)C(C(=O)N2CCCC2)(c3ccccc3)c4ccccc4,180,9269,http://dx.doi.org/10.1021/ci020280x,Bergstrom C. A. S.; Norinder U.; Luthman K.; Artursson P. Molecular Descriptors Influencing Melting Point and Their Role in Classification of Solid Drugs. J. Chem. Inf. Comput. Sci.; (Article); 2003; 43(4); 1177-1251,3,180,182,2
14112,4-acetylbenzoic_acid,OC(=O)c1ccc(cc1)C(C)=O,209,10986,http://www.amazon.com/dp/B003XEQTLE,Aldrich Chemical Company; Aldrich Catalog-Handbook of Fine Chemicals; Milwaukee; WI; 1984.,3,208,210,2
14096,"3,5-dichlorophenol",Oc1cc(Cl)cc(Cl)c1,68,11083,http://www.amazon.com/dp/B003XEQTLE,Aldrich Chemical Company; Aldrich Catalog-Handbook of Fine Chemicals; Milwaukee; WI; 1984.,3,66,68,2
1661,"2,5-dimethylbenzoic acid",Cc1ccc(c(c1)C(=O)O)C,134,11399,http://www.alfa.com/en/GP100W.pgm?DSSTK=A15352,Alfa Aesar,3,132,134,2
14235,"2,4-dichlorobenzaldehyde",O=Cc1ccc(Cl)cc1Cl,73,12830,http://www.amazon.com/dp/B003XEQTLE,Aldrich Chemical Company; Aldrich Catalog-Handbook of Fine Chemicals; Milwaukee; WI; 1984.,3,71,73,2
16099,Pyren-1-amine,Nc4ccc1ccc2cccc3ccc4c1c23,116,14613,http://msds.chem.ox.ac.uk/,academic website,3,116,118,2
14370,4-bromo-3-methylaniline,Nc1ccc(Br)c(C)c1,79,21844,http://www.amazon.com/dp/B003XEQTLE,Aldrich Chemical Company; Aldrich Catalog-Handbook of Fine Chemicals; Milwaukee; WI; 1984.,3,79,81,2
13704,4-hydroxybenzyl_cyanide,Oc1ccc(CC#N)cc1,71,24729,http://www.amazon.com/dp/B003XEQTLE,Aldrich Chemical Company; Aldrich Catalog-Handbook of Fine Chemicals; Milwaukee; WI; 1984.,3,69,71,2
13609,benzyl_chloride,ClCc1ccccc1,-43,13840690,http://www.amazon.com/dp/B003XEQTLE,Aldrich Chemical Company; Aldrich Catalog-Handbook of Fine Chemicals; Milwaukee; WI; 1984.,3,-45,-43,2
16167,Trichloroacetonitrile,ClC(Cl)(Cl)C#N,-42,13861934,http://msds.chem.ox.ac.uk/,academic website,3,-44,-42,2
13800,4-methoxybenzyl_alcohol,COc1ccc(CO)cc1,26,21105859,http://www.amazon.com/dp/B003XEQTLE,Aldrich Chemical Company; Aldrich Catalog-Handbook of Fine Chemicals; Milwaukee; WI; 1984.,3,24,26,2
16176,Trifluoroacetic anhydride,FC(F)(F)C(=O)OC(=O)C(F)(F)F,-63,21106178,http://msds.chem.ox.ac.uk/,academic website,3,-65,-63,2
14066,"2,3-dichloroaniline",Nc1cccc(Cl)c1Cl,24,21111810,http://www.amazon.com/dp/B003XEQTLE,Aldrich Chemical Company; Aldrich Catalog-Handbook of Fine Chemicals; Milwaukee; WI; 1984.,3,22,24,2
14356,o-bromobenzaldehyde,O=Cc1ccccc1Br,22,21111817,http://www.amazon.com/dp/B003XEQTLE,Aldrich Chemical Company; Aldrich Catalog-Handbook of Fine Chemicals; Milwaukee; WI; 1984.,3,20,22,2
15368,3-Aminophenol,Nc1cccc(O)c1,125,11080,http://msds.chem.ox.ac.uk/,academic website,4,123,125,2
16129,Terephthalonitrile,N#Cc1ccc(C#N)cc1,225.5,11672,http://msds.chem.ox.ac.uk/,academic website,4,224,226,2
15902,Methyl 3-nitrobenzoate,O=[N+]([O-])c1cc(ccc1)C(=O)OC,78,62472,http://msds.chem.ox.ac.uk/,academic website,4,78,80,2
5588,4-tert-butylphenol,CC(C)(C)c1ccc(cc1)O,99,13846663,http://www.alfa.com/en/GP100W.pgm?DSSTK=A15871,Alfa Aesar,4,98,100,2
14835,(Bromomethyl)benzene,BrCc1ccccc1,-3,13851576,http://msds.chem.ox.ac.uk/,academic website,4,-4,-2,2
8784,butalbital,CC(C)CC1(CC=C)C(=O)NC(=O)NC1=O,138,2387,http://dx.doi.org/10.1021/ci020280x,Bergstrom C. A. S.; Norinder U.; Luthman K.; Artursson P. Molecular Descriptors Influencing Melting Point and Their Role in Classification of Solid Drugs. J. Chem. Inf. Comput. Sci.; (Article); 2003; 43(4); 1177-1230,5,138,140,2
28452,Phenylbutazone,CCCCC1C(=O)N(N(C1=O)C2=CC=CC=C2)C3=CC=CC=C3,107,4617,http://dx.doi.org/10.1016/j.chemosphere.2013.10.095,Abraham M.H. and Acree Jr. W.E. The solubility of liquid and solid compounds in dry octan-1-ol. Chemosphere (2013),5,105,107,2
14792,(2-Nitrophenyl)acetonitrile,O=[N+]([O-])c1ccccc1CC#N,84,11395,http://msds.chem.ox.ac.uk/,academic website,5,82,84,2
27867,Biphenyl,C1=CC=C(C=C1)C2=CC=CC=C2,69,6828,http://dx.doi.org/10.1016/j.chemosphere.2013.10.095,Abraham M.H. and Acree Jr. W.E. The solubility of liquid and solid compounds in dry octan-1-ol. Chemosphere (2013),8,69,71,2
28427,Phenanthrene,C1=CC=C2C(=C1)C=CC3=CC=CC=C32,101,970,http://dx.doi.org/10.1016/j.chemosphere.2013.10.095,Abraham M.H. and Acree Jr. W.E. The solubility of liquid and solid compounds in dry octan-1-ol. Chemosphere (2013),9,99,101,2
15260,2-Furaldehyde,O=Cc1ccco1,-36,13863629,http://msds.chem.ox.ac.uk/,academic website,4,-38.1,-36,2.1
15810,Fluorobenzene,Fc1ccccc1,-40,9614,http://msds.chem.ox.ac.uk/,academic website,3,-42.2,-40,2.2
15732,Dimethyl adipate,O=C(CCCCC(=O)OC)OC,8,11824,http://msds.chem.ox.ac.uk/,academic website,4,8,10.3,2.3
15365,"3,7-Dinitroso-1,3,5,7-tetraazabicyclo[3.3.1]nonane",O=NN1CN2CN(C1)CN(C2)N=O,207,7268,http://msds.chem.ox.ac.uk/,academic website,2,204.5,207,2.5
8431,succinimide,C1CC(=O)NC1=O,124,10955,http://www.alfa.com/en/GP100W.pgm?DSSTK=A13503,Alfa Aesar,2,124,126.5,2.5
3219,"3,3-dimethylglutaric acid",CC(C)(CC(=O)O)CC(=O)O,101,19739,http://www.alfa.com/en/GP100W.pgm?DSSTK=B20388,Alfa Aesar,2,101,103.5,2.5
12867,"2-Methyl-1-nitro-9,10-anthraquinone",O=[N+]([O-])c1c(C)ccc2C(=O)c3ccccc3C(=O)c12,268,29156,http://dx.doi.org/10.1021/ci0500132,Karthikeyan M.; Glen R.C.; Bender A. General melting point prediction based on a diverse compound dataset and artificial neural networks. J. Chem. Inf. Model.; 2005; 45(3); 581-4449,2,268,270.5,2.5
8412,sebacoyl chloride,C(CCCCC(=O)Cl)CCCC(=O)Cl,-5,59462,http://www.alfa.com/en/GP100W.pgm?DSSTK=A14226,Alfa Aesar,2,-5,-2.5,2.5
1830,"2,6-di-tert-butyl-4-(dimethylaminomethyl)phenol",CC(C)(C)c1cc(cc(c1O)C(C)(C)C)CN(C)C,91,59976,http://www.alfa.com/en/GP100W.pgm?DSSTK=B21952,Alfa Aesar,2,91,93.5,2.5
4432,"4,4'-dimethylbenzophenone",Cc1ccc(cc1)C(=O)c2ccc(cc2)C,94,62363,http://www.alfa.com/en/GP100W.pgm?DSSTK=A14111,Alfa Aesar,2,94,96.5,2.5
14057,p-diisopropenylbenzene,CC(=C)c1ccc(cc1)C(=C)C,66,66759,http://www.amazon.com/dp/B003XEQTLE,Aldrich Chemical Company; Aldrich Catalog-Handbook of Fine Chemicals; Milwaukee; WI; 1984.,2,63.5,66,2.5
15320,2-O-Acetyl-3-O-bromo-D-glucose,Br[C@H]1O[C@H](COC(C)=O)[C@@H](OC(C)=O)[C@H](OC(C)=O)[C@H]1OC(C)=O,89.5,91958,http://msds.chem.ox.ac.uk/,academic website,2,87,89.5,2.5
9032,"1,4-bis(bromomethyl)benzene",BrCc1ccc(cc1)CBr,142,21125563,http://dx.doi.org/10.1021/ci0500132,Karthikeyan M.; Glen R.C.; Bender A. General melting point prediction based on a diverse compound dataset and artificial neural networks. J. Chem. Inf. Model.; 2005; 45(3); 581-607,2,142,144.5,2.5
13773,4-hydroxyacetophenone,O=C(C)c1ccc(O)cc1,108,7189,http://www.amazon.com/dp/B003XEQTLE,Aldrich Chemical Company; Aldrich Catalog-Handbook of Fine Chemicals; Milwaukee; WI; 1984.,3,107,109.5,2.5
15233,2-Chloro-1-phenylethanone,O=C(CCl)c1ccccc1,55,10303,http://msds.chem.ox.ac.uk/,academic website,3,54,56.5,2.5
3217,"3,3-dimethylacrylic acid",CC(=CC(=O)O)C,67,10468,http://www.alfa.com/en/GP100W.pgm?DSSTK=A16865,Alfa Aesar,3,67,69.5,2.5
6543,bis(4-bromophenyl) ether,c1cc(ccc1Oc2ccc(cc2)Br)Br,58,15471,http://www.alfa.com/en/GP100W.pgm?DSSTK=16684,Alfa Aesar,3,58,60.5,2.5
13702,4-methoxybenzonitrile,COc1ccc(C#N)cc1,59,21112332,http://www.amazon.com/dp/B003XEQTLE,Aldrich Chemical Company; Aldrich Catalog-Handbook of Fine Chemicals; Milwaukee; WI; 1984.,3,59,61.5,2.5
28540,Sulfamerazine,CC1=NC(=NC=C1)NS(=O)(=O)C2=CC=C(C=C2)N,235,5134,http://dx.doi.org/10.1016/j.chemosphere.2013.10.095,Abraham M.H. and Acree Jr. W.E. The solubility of liquid and solid compounds in dry octan-1-ol. Chemosphere (2013),8,234,236.5,2.5
14119,p-nitroacetophenone,O=[N+]([O-])c1ccc(cc1)C(C)=O,80,21106581,http://www.amazon.com/dp/B003XEQTLE,Aldrich Chemical Company; Aldrich Catalog-Handbook of Fine Chemicals; Milwaukee; WI; 1984.,3,79,81.8,2.8
2057,2-aminothiazole,c1csc(n1)N,90,2070,http://www.alfa.com/en/GP100W.pgm?DSSTK=A12026,Alfa Aesar,2,90,93,3
16557,Hydroxyurea,NC(=O)NO,144,3530,http://www.drugbank.ca/drugs/DB01005,DrugBank,2,141,144,3
1560,"2,4-thiazolidinedione",C1C(=O)NC(=O)S1,125,5242,http://www.alfa.com/en/GP100W.pgm?DSSTK=A13496,Alfa Aesar,2,125,128,3
925,"(1,2-dibromoethyl)benzene",c1ccc(cc1)C(CBr)Br,72,6878,http://www.alfa.com/en/GP100W.pgm?DSSTK=B24990,Alfa Aesar,2,72,75,3
8304,p-quaterphenyl,c1ccc(cc1)c2ccc(cc2)c3ccc(cc3)c4ccccc4,317,8353,http://www.alfa.com/en/GP100W.pgm?DSSTK=A17788,Alfa Aesar,2,317,320,3
5407,4-methylcatechol,Cc1ccc(c(c1)O)O,68,9564,http://www.alfa.com/en/GP100W.pgm?DSSTK=L04495,Alfa Aesar,2,65,68,3
14952,"1,3-Dioxane",C1CCOCO1,-42,10018,http://msds.chem.ox.ac.uk/,academic website,2,-45,-42,3
67,1-phenylpyrrole,c1ccc(cc1)n2cccc2,59,11970,http://www.alfa.com/en/GP100W.pgm?DSSTK=L07973,Alfa Aesar,2,59,62,3
8664,tri-n-butylphosphine oxide,CCCCP(=O)(CCCC)CCCC,67,12586,http://www.alfa.com/en/GP100W.pgm?DSSTK=A13629,Alfa Aesar,2,64,67,3
6786,dibenzosuberone,c1ccc2c(c1)CCc3ccccc3C2=O,33,13927,http://www.alfa.com/en/GP100W.pgm?DSSTK=A18405,Alfa Aesar,2,30,33,3
16184,Trioctylphosphine oxide,CCCCCCCCP(=O)(CCCCCCCC)CCCCCCCC,52,59020,http://msds.chem.ox.ac.uk/,academic website,2,52,55,3
3348,"3,4-dimethoxytoluene",Cc1ccc(c(c1)OC)OC,27,61434,http://www.alfa.com/en/GP100W.pgm?DSSTK=A15558,Alfa Aesar,2,24,27,3
6303,9-octadecynoic acid,CCCCCCCCC#CCCCCCCCC(=O)O,45,61475,http://www.alfa.com/en/GP100W.pgm?DSSTK=L01294,Alfa Aesar,2,45,48,3
2255,"2-carboxy-3,4-dimethoxybenzaldehyde",COc1ccc(c(c1OC)C(=O)O)C=O,147,61517,http://www.alfa.com/en/GP100W.pgm?DSSTK=L16263,Alfa Aesar,2,147,150,3
3039,2-phenylquinoline,c1ccc(cc1)c2ccc3ccccc3n2,83,64618,http://www.alfa.com/en/GP100W.pgm?DSSTK=H31920,Alfa Aesar,2,83,86,3
6495,benzyl phenyl sulfone,c1ccc(cc1)CS(=O)(=O)c2ccccc2,149,69027,http://www.alfa.com/en/GP100W.pgm?DSSTK=L04201,Alfa Aesar,2,146,149,3
6584,bromopentamethylbenzene,Cc1c(c(c(c(c1C)C)Br)C)C,162,71166,http://www.alfa.com/en/GP100W.pgm?DSSTK=L02451,Alfa Aesar,2,162,165,3
1805,"2,6-dimethoxynaphthalene",COc1ccc2cc(ccc2c1)OC,153,71934,http://www.alfa.com/en/GP100W.pgm?DSSTK=H28366,Alfa Aesar,2,150,153,3
14638,2-hexadecanol,CC(O)CCCCCCCCCCCCCC,47,77368,http://www.amazon.com/dp/B003XEQTLE,Aldrich Chemical Company; Aldrich Catalog-Handbook of Fine Chemicals; Milwaukee; WI; 1984.,2,44,47,3
8226,pentadecanolide,C1CCCCCCCOC(=O)CCCCCC1,35,205386,http://www.alfa.com/en/GP100W.pgm?DSSTK=A11341,Alfa Aesar,2,32,35,3
14855,"1-(3,5-Difluoro-4-hydroxyphenyl)propan-1-one",Fc1cc(cc(F)c1O)C(=O)CC,127,453123,http://msds.chem.ox.ac.uk/,academic website,2,127,130,3
7599,methyl 4-chloro-3-nitrobenzoate,COC(=O)c1ccc(c(c1)[N+](=O)[O-])Cl,80,642951,http://www.alfa.com/en/GP100W.pgm?DSSTK=L07407,Alfa Aesar,2,80,83,3
14779,"(2E)-2-(Hydroxyimino)-1,2-diphenylethanol",OC(C(=NO)c1ccccc1)c2ccccc2,154,4510333,http://msds.chem.ox.ac.uk/,academic website,2,151,154,3
8610,trichloroacrylic acid,C(=C(Cl)Cl)(C(=O)O)Cl,73,10289059,http://www.alfa.com/en/GP100W.pgm?DSSTK=A12299,Alfa Aesar,2,73,76,3
6631,chlorodifluoroacetic acid,C(=O)(C(F)(F)Cl)O,22,10800462,http://www.alfa.com/en/GP100W.pgm?DSSTK=A14369,Alfa Aesar,2,22,25,3
9031,(E)-1-(4-Methoxyphenyl)-2-phenyldiazene,O(C)c1ccc(N=Nc2ccccc2)cc1,53,21169898,http://dx.doi.org/10.1021/ci0500132,Karthikeyan M.; Glen R.C.; Bender A. General melting point prediction based on a diverse compound dataset and artificial neural networks. J. Chem. Inf. Model.; 2005; 45(3); 581-606,2,53,56,3
14551,"1,2-diphenoxyethane",C(COc1ccccc1)Oc2ccccc2,95,7427,http://www.amazon.com/dp/B003XEQTLE,Aldrich Chemical Company; Aldrich Catalog-Handbook of Fine Chemicals; Milwaukee; WI; 1984.,3,95,98,3
14397,p-bromochlorobenzene,Clc1ccc(Br)cc1,67,7518,http://www.amazon.com/dp/B003XEQTLE,Aldrich Chemical Company; Aldrich Catalog-Handbook of Fine Chemicals; Milwaukee; WI; 1984.,3,65,68,3
14690,1-octadecanol,CCCCCCCCCCCCCCCCCCO,61,7928,http://www.amazon.com/dp/B003XEQTLE,Aldrich Chemical Company; Aldrich Catalog-Handbook of Fine Chemicals; Milwaukee; WI; 1984.,3,58,61,3
14943,"1,3-Dichloro-5,5-dimethylimidazolidine-2,4-dione",O=C1N(Cl)C(=O)N(Cl)C1(C)C,135,8057,http://msds.chem.ox.ac.uk/,academic website,3,132,135,3
16173,Tridecanoic acid,O=C(O)CCCCCCCCCCCC,41.5,12013,http://msds.chem.ox.ac.uk/,academic website,3,41.5,44.5,3
14136,"2,5-dimethoxybenzaldehyde",COc1ccc(cc1C=O)OC,52,60092,http://www.amazon.com/dp/B003XEQTLE,Aldrich Chemical Company; Aldrich Catalog-Handbook of Fine Chemicals; Milwaukee; WI; 1984.,3,49,52,3
14392,"3,4-dichloroacetophenone",Clc1ccc(cc1Cl)C(C)=O,73,68350,http://www.amazon.com/dp/B003XEQTLE,Aldrich Chemical Company; Aldrich Catalog-Handbook of Fine Chemicals; Milwaukee; WI; 1984.,3,73,76,3
13981,methyl_3-hydroxybenzoate,Oc1cc(ccc1)C(=O)OC,74,79453,http://www.amazon.com/dp/B003XEQTLE,Aldrich Chemical Company; Aldrich Catalog-Handbook of Fine Chemicals; Milwaukee; WI; 1984.,3,71,74,3
14188,2'-acetonaphthone,CC(=O)c1ccc2ccccc2c1,53,6855,http://www.amazon.com/dp/B003XEQTLE,Aldrich Chemical Company; Aldrich Catalog-Handbook of Fine Chemicals; Milwaukee; WI; 1984.,4,53,56,3
15907,Methyl benzoate,COC(=O)c1ccccc1,-12,6883,http://msds.chem.ox.ac.uk/,academic website,4,-15,-12,3
13817,p-nitrophenol,O=[N+]([O-])c1ccc(O)cc1,115,955,http://www.amazon.com/dp/B003XEQTLE,Aldrich Chemical Company; Aldrich Catalog-Handbook of Fine Chemicals; Milwaukee; WI; 1984.,5,112,115,3
16094,Propyl acetate,CC(=O)OCCC,-95,7706,http://msds.chem.ox.ac.uk/,academic website,5,-95,-92,3
28597,Thioxanthen-9-one,C1=CC=C2C(=C1)C(=O)C3=CC=CC=C3S2,211,9873,http://dx.doi.org/10.1016/j.chemosphere.2013.10.095,Abraham M.H. and Acree Jr. W.E. The solubility of liquid and solid compounds in dry octan-1-ol. Chemosphere (2013),5,209,212,3
3516,"3,5-dimethylphenol",Cc1cc(cc(c1)O)C,63,13839110,http://www.alfa.com/en/GP100W.pgm?DSSTK=A12236,Alfa Aesar,5,62.5,65.5,3
16121,Succinic acid,O=C(O)CCC(=O)O,185,1078,http://msds.chem.ox.ac.uk/,academic website,6,185,188,3
17148,glutethimide,CCC1(CCC(=O)NC1=O)c2ccccc2,87.5,3367,http://dx.doi.org/10.1021/ci700307p,Hughes LD; Palmer DS; Nigsch F and Mitchell JBO. 2008 Why are some properties more difficult to predict than others? A study of QSPR models of solubility; melting point and LogP. J. Chem. Inf. Model. 2008. 48 (1). pp 220?295,2,84,87.5,3.5
15986,N-Cyclohexyl-4-methylbenzenesulfonamide,O=S(=O)(NC1CCCCC1)c2ccc(C)cc2,84.5,6381,http://msds.chem.ox.ac.uk/,academic website,2,84.5,88,3.5
5051,4-dimethylaminobenzophenone,CN(C)c1ccc(cc1)C(=O)c2ccccc2,89,10284,http://www.alfa.com/en/GP100W.pgm?DSSTK=B20389,Alfa Aesar,2,89,92.5,3.5
14930,"1,3,5-Triallyl-1,3,5-triazinane-2,4,6-trione",C=CCN1C(=O)N(CC=C)C(=O)N(CC=C)C1=O,24,13329,http://msds.chem.ox.ac.uk/,academic website,2,20.5,24,3.5
8101,N-methylformanilide,CN(C=O)c1ccccc1,11,60103,http://www.alfa.com/en/GP100W.pgm?DSSTK=A11829,Alfa Aesar,2,11,14.5,3.5
3272,"3,4-diaminopyridine",c1cncc(c1N)N,219,5705,http://www.alfa.com/en/GP100W.pgm?DSSTK=A12465,Alfa Aesar,3,216.5,220,3.5
4081,3-methyl-2-pyridone,Cc1ccc[nH]c1=O,140,63658,http://www.alfa.com/en/GP100W.pgm?DSSTK=A12700,Alfa Aesar,3,138,141.5,3.5
14698,"2,5-dibromonitrobenzene",O=[N+]([O-])c1cc(Br)ccc1Br,82,69450,http://www.amazon.com/dp/B003XEQTLE,Aldrich Chemical Company; Aldrich Catalog-Handbook of Fine Chemicals; Milwaukee; WI; 1984.,3,82,85.5,3.5
14375,p-bromoanisole,COc1ccc(Br)cc1,10,13881571,http://www.amazon.com/dp/B003XEQTLE,Aldrich Chemical Company; Aldrich Catalog-Handbook of Fine Chemicals; Milwaukee; WI; 1984.,3,10,13.5,3.5
14193,4-chlorophenylacetic_acid,Clc1ccc(CC(=O)O)cc1,103,15093,http://www.amazon.com/dp/B003XEQTLE,Aldrich Chemical Company; Aldrich Catalog-Handbook of Fine Chemicals; Milwaukee; WI; 1984.,4,103,106.5,3.5
27946,Cortisone,C[C@]12CCC(=O)C=C1CC[C@@H]3[C@@H]2C(=O)C[C@]4([C@H]3CC[C@@]4(C(=O)CO)O)C,225,193441,http://dx.doi.org/10.1016/j.chemosphere.2013.10.095,Abraham M.H. and Acree Jr. W.E. The solubility of liquid and solid compounds in dry octan-1-ol. Chemosphere (2013),5,222,225.5,3.5
8833,haloperidol,OC2(CCN(CCCC(=O)c1ccc(F)cc1)CC2)c3ccc(Cl)cc3,148,3438,http://dx.doi.org/10.1021/ci020280x,Bergstrom C. A. S.; Norinder U.; Luthman K.; Artursson P. Molecular Descriptors Influencing Melting Point and Their Role in Classification of Solid Drugs. J. Chem. Inf. Comput. Sci.; (Article); 2003; 43(4); 1177-1279,6,148,151.5,3.5
27880,Butyl 4-hydroxybenzoate,CCCCOC(=O)C1=CC=C(C=C1)O,69,6916,http://dx.doi.org/10.1016/j.chemosphere.2013.10.095,Abraham M.H. and Acree Jr. W.E. The solubility of liquid and solid compounds in dry octan-1-ol. Chemosphere (2013),11,68.5,72,3.5
15692,Cyclopentanol,OC1CCCC1,-19,7026,http://msds.chem.ox.ac.uk/,academic website,7,-20,-16.25,3.75
13898,o-methoxy_phenylacetonitrile,COc1ccccc1CC#N,66,73531,http://www.amazon.com/dp/B003XEQTLE,Aldrich Chemical Company; Aldrich Catalog-Handbook of Fine Chemicals; Milwaukee; WI; 1984.,3,66,69.8,3.8
28168,Hexachlorobenzene,C1(=C(C(=C(C(=C1Cl)Cl)Cl)Cl)Cl)Cl,230,8067,http://dx.doi.org/10.1016/j.chemosphere.2013.10.095,Abraham M.H. and Acree Jr. W.E. The solubility of liquid and solid compounds in dry octan-1-ol. Chemosphere (2013),7,228,231.8,3.8
15617,beta-Alanine,NCCC(=O)O,196,234,http://msds.chem.ox.ac.uk/,academic website,2,196,200,4
8707,tryptamine,c1ccc2c(c1)c(c[nH]2)CCN,114,1118,http://www.alfa.com/en/GP100W.pgm?DSSTK=A11116,Alfa Aesar,2,114,118,4
5325,4'-methoxyacetanilide,CC(=O)Nc1ccc(cc1)OC,127,5622,http://www.alfa.com/en/GP100W.pgm?DSSTK=A13253,Alfa Aesar,2,127,131,4
16192,Tris(2-ethylhexyl) phosphate,CCCCC(COP(=O)(OCC(CC)CCCC)OCC(CC)CCCC)CC,-70,6289,http://msds.chem.ox.ac.uk/,academic website,2,-74,-70,4
2042,2-aminobenzothiazole,c1ccc2c(c1)nc(s2)N,128,8382,http://www.alfa.com/en/GP100W.pgm?DSSTK=A13521,Alfa Aesar,2,128,132,4
5563,4-phenylsemicarbazide,c1ccc(cc1)NC(=O)NN,124,10380,http://www.alfa.com/en/GP100W.pgm?DSSTK=B25578,Alfa Aesar,2,124,128,4
13362,"2,3-dimethyl-2-butanol",CC(C)C(C)(C)O,-10,11180,http://www.amazon.com/dp/B002IYRJWI,American Petroleum Institute. Research Project 44; Selected Values of Properties of Hydrocarbons and Related Compounds. Texas A & M University; College Station; TX; 1973.,2,-14,-10,4
2463,2-chlorobenzyl chloride,c1ccc(c(c1)CCl)Cl,-13,11412,http://www.alfa.com/en/GP100W.pgm?DSSTK=A11900,Alfa Aesar,2,-17,-13,4
4369,4-(trifluoromethyl)phenylacetic acid,c1cc(ccc1CC(=O)O)C(F)(F)F,80,105768,http://www.alfa.com/en/GP100W.pgm?DSSTK=B22526,Alfa Aesar,2,80,84,4
11993,3-(benzyloxy)androstan-17-one,O=C1CCC2C3CCC4CC(OCc5ccccc5)CCC4(C)C3CCC12C,216,2029577,http://dx.doi.org/10.1021/ci0500132,Karthikeyan M.; Glen R.C.; Bender A. General melting point prediction based on a diverse compound dataset and artificial neural networks. J. Chem. Inf. Model.; 2005; 45(3); 581-3575,2,216,220,4
4816,"4-bromo-n,n-diethylaniline",CCN(CC)c1ccc(cc1)Br,34,21159579,http://www.alfa.com/en/GP100W.pgm?DSSTK=L03619,Alfa Aesar,2,34,38,4
13565,2-methylbenzyl_alcohol,Cc1ccccc1CO,39,6728,http://www.amazon.com/dp/B003XEQTLE,Aldrich Chemical Company; Aldrich Catalog-Handbook of Fine Chemicals; Milwaukee; WI; 1984.,3,35,39,4
15700,Decan-1-amine,CCCCCCCCCCN,13,8576,http://msds.chem.ox.ac.uk/,academic website,3,13,17,4
15874,Isothiocyanatomethane,CN=C=S,35,10694,http://msds.chem.ox.ac.uk/,academic website,3,32,36,4
13765,2-phenyl-2-propanol,CC(O)(C)c1ccccc1,34,11556,http://www.amazon.com/dp/B003XEQTLE,Aldrich Chemical Company; Aldrich Catalog-Handbook of Fine Chemicals; Milwaukee; WI; 1984.,3,32,36,4
15501,4-Phenoxyphenol,Oc2ccc(Oc1ccccc1)cc2,80,12696,http://msds.chem.ox.ac.uk/,academic website,3,80,84,4
14853,1-(2-Furyl)ethanone,CC(=O)c1ccco1,29.5,13849,http://msds.chem.ox.ac.uk/,academic website,3,29,33,4
7387,isopropylidene malonate,CC1(OC(=O)CC(=O)O1)C,94,15418,http://www.alfa.com/en/GP100W.pgm?DSSTK=A15603,Alfa Aesar,3,94,98,4
2353,2-chloro-4-methylquinoline,Cc1cc(nc2c1cccc2)Cl,55,62656,http://www.alfa.com/en/GP100W.pgm?DSSTK=H26504,Alfa Aesar,3,55,59,4
27558,"2,3,4,5-Tetrachloroanisole",Clc1c(OC)cc(Cl)c(Cl)c1Cl,84,13060,http://dx.doi.org/10.1016/j.chemosphere.2013.10.095,Abraham M.H. and Acree Jr. W.E. The solubility of liquid and solid compounds in dry octan-1-ol. Chemosphere (2013),4,84,88,4
15620,Biphenyl-2-ol,Oc2ccccc2c1ccccc1,57,13839012,http://msds.chem.ox.ac.uk/,academic website,4,56,60,4
15405,4-(Dipropylsulfamoyl)benzoic acid,O=S(=O)(N(CCC)CCC)c1ccc(cc1)C(=O)O,195,4742,http://msds.chem.ox.ac.uk/,academic website,6,195,199,4
15569,Acetonitrile,CC#N,-46,6102,http://msds.chem.ox.ac.uk/,academic website,9,-48,-43.8,4.2
6799,dibenzyl succinate,c1ccc(cc1)COC(=O)CCC(=O)OCc2ccccc2,45,7370,http://www.alfa.com/en/GP100W.pgm?DSSTK=B25257,Alfa Aesar,2,45,49.5,4.5
1137,"2,2'-dihydroxy-4,4'-dimethoxybenzophenone",COc1ccc(c(c1)O)C(=O)c2ccc(cc2O)OC,135,8252,http://www.alfa.com/en/GP100W.pgm?DSSTK=B23518,Alfa Aesar,2,135,139.5,4.5
7268,glycerol tripalmitate,CCCCCCCCCCCCCCCC(=O)OCC(COC(=O)CCCCCCCCCCCCCCC)OC(=O)CCCCCCCCCCCCCCC,62,10674,http://www.alfa.com/en/GP100W.pgm?DSSTK=A10922,Alfa Aesar,2,62,66.5,4.5
422,"1,7-heptanediol",C(CCCO)CCCO,18,11875,http://www.alfa.com/en/GP100W.pgm?DSSTK=L06384,Alfa Aesar,2,18,22.5,4.5
18488,"bicyclo 2.2.1 heptan-2-ol, 1,3,3-trimethyl-, (1r",CC12CCC(C1)C(C)(C)C2O,48,14665,http://www.srcinc.com/what-we-do/product.aspx?id=133,PHYSPROP,2,43.5,48,4.5
2805,2-mercaptoimidazole,c1cnc([nH]1)S,225,1013196,http://www.alfa.com/en/GP100W.pgm?DSSTK=L01346,Alfa Aesar,2,225,229.5,4.5
17127,cocaine,CN3[C@H]1CC[C@@H]3[C@H]([C@H](C1)OC(=O)c2ccccc2)C(=O)OC,98,10194104,http://dx.doi.org/10.1021/ci700307p,Hughes LD; Palmer DS; Nigsch F and Mitchell JBO. 2008 Why are some properties more difficult to predict than others? A study of QSPR models of solubility; melting point and LogP. J. Chem. Inf. Model. 2008. 48 (1). pp 220?274,2,93.5,98,4.5
28418,Perylene,C1=CC2=C3C(=C1)C4=CC=CC5=C4C(=CC=C5)C3=CC=C2,278,8788,http://dx.doi.org/10.1016/j.chemosphere.2013.10.095,Abraham M.H. and Acree Jr. W.E. The solubility of liquid and solid compounds in dry octan-1-ol. Chemosphere (2013),7,273.5,278,4.5
28114,Fluorene,C1C2=CC=CC=C2C3=CC=CC=C31,116,6592,http://dx.doi.org/10.1016/j.chemosphere.2013.10.095,Abraham M.H. and Acree Jr. W.E. The solubility of liquid and solid compounds in dry octan-1-ol. Chemosphere (2013),9,112,116.5,4.5
16131,tert-Butyl hydroperoxide,CC(C)(C)OO,-3,6170,http://msds.chem.ox.ac.uk/,academic website,2,-8,-3,5
2222,2-bromoisovaleric acid,CC(C)C(C(=O)O)Br,39,10794,http://www.alfa.com/en/GP100W.pgm?DSSTK=A10756,Alfa Aesar,2,39,44,5
6252,8-aminoquinoline,c1cc2cccnc2c(c1)N,65,10881,http://www.alfa.com/en/GP100W.pgm?DSSTK=A16752,Alfa Aesar,2,65,70,5
6544,bis(4-chlorophenyl) disulfide,c1cc(ccc1SSc2ccc(cc2)Cl)Cl,73,13721,http://www.alfa.com/en/GP100W.pgm?DSSTK=B25604,Alfa Aesar,2,68,73,5
159,"1-hydroxymethyl-5,5-dimethylhydantoin",CC1(C(=O)NC(=O)N1CO)C,105,60357,http://www.alfa.com/en/GP100W.pgm?DSSTK=A19868,Alfa Aesar,2,100,105,5
15140,"2,3,5,6-Tetrafluoro-1,4-benzoquinone",FC=1C(=O)C(F)=C(F)C(=O)C=1F,179,61540,http://msds.chem.ox.ac.uk/,academic website,2,179,184,5
5952,5-mercapto-1-methyltetrazole,Cn1c(nnn1)S,127,2005963,http://www.alfa.com/en/GP100W.pgm?DSSTK=B20443,Alfa Aesar,2,122,127,5
14383,"4,4'-dihydroxybiphenyl",Oc1ccc(cc1)c2ccc(O)cc2,278,6845,http://www.amazon.com/dp/B003XEQTLE,Aldrich Chemical Company; Aldrich Catalog-Handbook of Fine Chemicals; Milwaukee; WI; 1984.,3,278,283,5
3004,2-octanone,CCCCCCC(=O)C,-16,7802,http://www.alfa.com/en/GP100W.pgm?DSSTK=A11643,Alfa Aesar,3,-21,-16,5
15545,"9,10-Diphenylanthracene",c1cccc4c1c(c2ccccc2c4c3ccccc3)c5ccccc5,249,14430,http://msds.chem.ox.ac.uk/,academic website,3,246,251,5
4780,4-bromo-3-methylphenol,Cc1cc(ccc1Br)O,59,65689,http://www.alfa.com/en/GP100W.pgm?DSSTK=L17510,Alfa Aesar,3,59,64,5
2259,2-carboxyphenyl phosphate,c1ccc(c(c1)C(=O)O)OP(=O)(O)O,164,3300,http://www.alfa.com/en/GP100W.pgm?DSSTK=A14417,Alfa Aesar,4,164,169,5
27698,4-Nitrobenzoic acid,C1=CC(=CC=C1C(=O)O)[N+](=O)[O-],240,5882,http://dx.doi.org/10.1016/j.chemosphere.2013.10.095,Abraham M.H. and Acree Jr. W.E. The solubility of liquid and solid compounds in dry octan-1-ol. Chemosphere (2013),6,237,242,5
